Chromosome,Start,End,Name
chr1,4307227,4307228,P77
chr1,4307237,4307238,P77
chr1,4307246,4307247,P77
chr1,4307262,4307263,P77
chr1,4307328,4307329,P77
chr1,4307487,4307488,P77
chr1,4307498,4307499,P77
chr1,4307521,4307522,P77
chr1,4307690,4307691,P77
chr1,4307718,4307719,P77
chr1,4307737,4307738,P77
chr1,4307749,4307750,P77
chr1,4307761,4307762,P77
chr1,4307766,4307767,P77
chr1,4307767,4307768,P77
chr1,4307817,4307818,P77
chr1,4307858,4307859,P77
chr1,4307861,4307862,P77
chr1,4307909,4307910,P77
chr1,4307913,4307914,P77
chr1,4307914,4307915,P77
chr1,4307916,4307917,P77
chr1,4307919,4307920,P77
chr1,4307957,4307958,P77
chr1,4307965,4307966,P77
chr1,4307967,4307968,P77
chr1,4307968,4307969,P77
chr1,4308086,4308087,P77
chr1,4308106,4308107,P77
chr1,4308116,4308117,P77
chr1,4308155,4308156,P77
chr1,4308156,4308157,P77
chr1,14827148,14827149,P40
chr1,14827157,14827158,P40
chr1,14827159,14827160,P40
chr1,14827160,14827161,P40
chr1,14827184,14827185,P40
chr1,14827188,14827189,P40
chr1,14827267,14827268,P40
chr1,14827273,14827274,P40
chr1,14827315,14827316,P40
chr1,14827350,14827351,P40
chr1,14827365,14827366,P40
chr1,14827391,14827392,P40
chr1,14827469,14827470,P40
chr1,14827477,14827478,P40
chr1,14827480,14827481,P40
chr1,14827491,14827492,P40
chr1,14827492,14827493,P40
chr1,14827505,14827506,P40
chr1,14827509,14827510,P40
chr1,14827516,14827517,P40
chr1,14827520,14827521,P40
chr1,14827533,14827534,P40
chr1,14827581,14827582,P40
chr1,14827637,14827638,P40
chr1,14827638,14827639,P40
chr1,14827641,14827642,P40
chr1,14827644,14827645,P40
chr1,14827649,14827650,P40
chr1,14827679,14827680,P40
chr1,14827782,14827783,P40
chr1,14827802,14827803,P40
chr1,14827826,14827827,P40
chr1,14827828,14827829,P40
chr1,14827837,14827838,P40
chr1,14827881,14827882,P40
chr1,14827946,14827947,P40
chr1,14828024,14828025,P40
chr1,14828042,14828043,P40
chr1,14828067,14828068,P40
chr1,14828076,14828077,P40
chr1,38265390,38265391,P41
chr1,38265417,38265418,P41
chr1,38265460,38265461,P41
chr1,38265519,38265520,P41
chr1,38265569,38265570,P41
chr1,38265595,38265596,P41
chr1,38265612,38265613,P41
chr1,38265766,38265767,P41
chr1,38265776,38265777,P41
chr1,38265780,38265781,P41
chr1,38265782,38265783,P41
chr1,38265803,38265804,P41
chr1,38265830,38265831,P41
chr1,38265832,38265833,P41
chr1,38265919,38265920,P41
chr1,38265928,38265929,P41
chr1,38265949,38265950,P41
chr1,38265958,38265959,P41
chr1,38266056,38266057,P41
chr1,38266094,38266095,P41
chr1,38266123,38266124,P41
chr1,38266124,38266125,P41
chr1,38266141,38266142,P41
chr1,38266153,38266154,P41
chr1,38266174,38266175,P41
chr1,38266193,38266194,P41
chr1,38266258,38266259,P41
chr1,101819116,101819117,P42
chr1,101819141,101819142,P42
chr1,101819195,101819196,P42
chr1,101819222,101819223,P42
chr1,101819256,101819257,P42
chr1,101819271,101819272,P42
chr1,101819295,101819296,P42
chr1,101819353,101819354,P42
chr1,101819356,101819357,P42
chr1,101819410,101819411,P42
chr1,101819438,101819439,P42
chr1,101819486,101819487,P42
chr1,101819546,101819547,P42
chr1,101819550,101819551,P42
chr1,101819558,101819559,P42
chr1,101819578,101819579,P42
chr1,101819600,101819601,P42
chr1,101819691,101819692,P42
chr1,101819700,101819701,P42
chr1,101819702,101819703,P42
chr1,101819728,101819729,P42
chr1,101819747,101819748,P42
chr1,101819810,101819811,P42
chr1,101819818,101819819,P42
chr1,101819876,101819877,P42
chr1,101819878,101819879,P42
chr1,101819902,101819903,P42
chr1,101819932,101819933,P42
chr1,101819965,101819966,P42
chr1,101819971,101819972,P42
chr1,101820010,101820011,P42
chr1,147026863,147026864,P43
chr1,147026876,147026877,P43
chr1,147026886,147026887,P43
chr1,147026923,147026924,P43
chr1,147026927,147026928,P43
chr1,147026928,147026929,P43
chr1,147026934,147026935,P43
chr1,147026950,147026951,P43
chr1,147026960,147026961,P43
chr1,147026961,147026962,P43
chr1,147026974,147026975,P43
chr1,147026975,147026976,P43
chr1,147026987,147026988,P43
chr1,147027025,147027026,P43
chr1,147027046,147027047,P43
chr1,147027070,147027071,P43
chr1,147027080,147027081,P43
chr1,147027084,147027085,P43
chr1,147027085,147027086,P43
chr1,147027090,147027091,P43
chr1,147027109,147027110,P43
chr1,147027117,147027118,P43
chr1,147027131,147027132,P43
chr1,147027141,147027142,P43
chr1,147027144,147027145,P43
chr1,147027145,147027146,P43
chr1,147027182,147027183,P43
chr1,147027184,147027185,P43
chr1,147027242,147027243,P43
chr1,147027273,147027274,P43
chr1,147027278,147027279,P43
chr1,147027280,147027281,P43
chr1,147027282,147027283,P43
chr1,147027322,147027323,P43
chr1,147027351,147027352,P43
chr1,147027354,147027355,P43
chr1,147027371,147027372,P43
chr1,147027379,147027380,P43
chr1,147027386,147027387,P43
chr1,147027416,147027417,P43
chr1,147027435,147027436,P43
chr1,147027541,147027542,P43
chr1,147027583,147027584,P43
chr1,147027589,147027590,P43
chr1,147027641,147027642,P43
chr1,147027642,147027643,P43
chr1,147027671,147027672,P43
chr1,147027672,147027673,P43
chr1,147027673,147027674,P43
chr1,147027679,147027680,P43
chr1,147027722,147027723,P43
chr1,147027726,147027727,P43
chr1,147027727,147027728,P43
chr1,147027731,147027732,P43
chr1,147027735,147027736,P43
chr1,147027738,147027739,P43
chr1,147027746,147027747,P43
chr1,147027778,147027779,P43
chr1,147027803,147027804,P43
chr1,178974386,178974387,P112
chr1,178974440,178974441,P112
chr1,178974480,178974481,P112
chr1,178974602,178974603,P112
chr1,178974630,178974631,P112
chr1,178974649,178974650,P112
chr1,178974657,178974658,P112
chr1,178974699,178974700,P112
chr1,178974711,178974712,P112
chr1,178974721,178974722,P112
chr1,178974735,178974736,P112
chr1,178974778,178974779,P112
chr1,178974832,178974833,P112
chr1,178974838,178974839,P112
chr1,178974842,178974843,P112
chr1,178974843,178974844,P112
chr1,178974898,178974899,P112
chr1,178974900,178974901,P112
chr1,178974910,178974911,P112
chr1,178974911,178974912,P112
chr1,178974950,178974951,P112
chr1,178974982,178974983,P112
chr1,178974983,178974984,P112
chr1,178975025,178975026,P112
chr1,178975110,178975111,P112
chr1,178975173,178975174,P112
chr1,178975204,178975205,P112
chr1,178975239,178975240,P112
chr10,3055634,3055635,P113
chr10,3055667,3055668,P113
chr10,3055671,3055672,P113
chr10,3055672,3055673,P113
chr10,3055675,3055676,P113
chr10,3055715,3055716,P113
chr10,3055731,3055732,P113
chr10,3055732,3055733,P113
chr10,3055735,3055736,P113
chr10,3055746,3055747,P113
chr10,3056006,3056007,P113
chr10,3056023,3056024,P113
chr10,3056036,3056037,P113
chr10,3056056,3056057,P113
chr10,3056064,3056065,P113
chr10,3056078,3056079,P113
chr10,3056131,3056132,P113
chr10,3056141,3056142,P113
chr10,3056175,3056176,P113
chr10,3056200,3056201,P113
chr10,3056208,3056209,P113
chr10,3056212,3056213,P113
chr10,3056258,3056259,P113
chr10,3056259,3056260,P113
chr10,3056308,3056309,P113
chr10,3056323,3056324,P113
chr10,3056325,3056326,P113
chr10,3056402,3056403,P113
chr10,3056413,3056414,P113
chr10,3056419,3056420,P113
chr10,3056434,3056435,P113
chr10,3056444,3056445,P113
chr10,3056445,3056446,P113
chr10,3056446,3056447,P113
chr10,3056457,3056458,P113
chr10,3056518,3056519,P113
chr10,3056542,3056543,P113
chr11,11341282,11341283,P3
chr11,11341307,11341308,P3
chr11,11341325,11341326,P3
chr11,11341400,11341401,P3
chr11,11341432,11341433,P3
chr11,11341515,11341516,P3
chr11,11341549,11341550,P3
chr11,11341550,11341551,P3
chr11,11341586,11341587,P3
chr11,11341610,11341611,P3
chr11,11341672,11341673,P3
chr11,11341683,11341684,P3
chr11,11341686,11341687,P3
chr11,11341694,11341695,P3
chr11,11341700,11341701,P3
chr11,11341752,11341753,P3
chr11,11341754,11341755,P3
chr11,11341822,11341823,P3
chr11,11341835,11341836,P3
chr11,11341842,11341843,P3
chr11,11341883,11341884,P3
chr11,11341900,11341901,P3
chr11,11341901,11341902,P3
chr11,11341917,11341918,P3
chr11,11341941,11341942,P3
chr11,11341999,11342000,P3
chr11,11342000,11342001,P3
chr11,11342002,11342003,P3
chr11,11342007,11342008,P3
chr11,11342010,11342011,P3
chr11,11342027,11342028,P3
chr11,11342051,11342052,P3
chr11,11342122,11342123,P3
chr11,11342182,11342183,P3
chr11,11342199,11342200,P3
chr11,98834823,98834824,P4
chr11,98834841,98834842,P4
chr11,98834843,98834844,P4
chr11,98834857,98834858,P4
chr11,98834885,98834886,P4
chr11,98834896,98834897,P4
chr11,98834905,98834906,P4
chr11,98834906,98834907,P4
chr11,98834910,98834911,P4
chr11,98834917,98834918,P4
chr11,98834921,98834922,P4
chr11,98834958,98834959,P4
chr11,98834988,98834989,P4
chr11,98835009,98835010,P4
chr11,98835018,98835019,P4
chr11,98835019,98835020,P4
chr11,98835032,98835033,P4
chr11,98835075,98835076,P4
chr11,98835196,98835197,P4
chr11,98835216,98835217,P4
chr11,98835247,98835248,P4
chr11,98835287,98835288,P4
chr11,98835312,98835313,P4
chr11,98835348,98835349,P4
chr11,98835351,98835352,P4
chr11,98835386,98835387,P4
chr11,98835424,98835425,P4
chr11,98835472,98835473,P4
chr11,98835475,98835476,P4
chr11,98835479,98835480,P4
chr11,98835516,98835517,P4
chr11,98835537,98835538,P4
chr11,98835542,98835543,P4
chr11,98835543,98835544,P4
chr11,98835564,98835565,P4
chr11,98835654,98835655,P4
chr11,98835663,98835664,P4
chr11,98835669,98835670,P4
chr11,98835685,98835686,P4
chr11,98835687,98835688,P4
chr11,98835733,98835734,P4
chr11,98835737,98835738,P4
chr11,98835750,98835751,P4
chr12,27646757,27646758,P46
chr12,27646760,27646761,P46
chr12,27646816,27646817,P46
chr12,27646827,27646828,P46
chr12,27646839,27646840,P46
chr12,27646842,27646843,P46
chr12,27646870,27646871,P46
chr12,27646881,27646882,P46
chr12,27646892,27646893,P46
chr12,27646893,27646894,P46
chr12,27646903,27646904,P46
chr12,27646913,27646914,P46
chr12,27646916,27646917,P46
chr12,27646945,27646946,P46
chr12,27646951,27646952,P46
chr12,27646952,27646953,P46
chr12,27646954,27646955,P46
chr12,27647035,27647036,P46
chr12,27647042,27647043,P46
chr12,27647043,27647044,P46
chr12,27647047,27647048,P46
chr12,27647048,27647049,P46
chr12,27647051,27647052,P46
chr12,27647053,27647054,P46
chr12,27647086,27647087,P46
chr12,27647096,27647097,P46
chr12,27647125,27647126,P46
chr12,27647128,27647129,P46
chr12,27647131,27647132,P46
chr12,27647144,27647145,P46
chr12,27647146,27647147,P46
chr12,27647171,27647172,P46
chr12,27647200,27647201,P46
chr12,27647206,27647207,P46
chr12,27647208,27647209,P46
chr12,27647246,27647247,P46
chr12,27647247,27647248,P46
chr12,27647277,27647278,P46
chr12,27647285,27647286,P46
chr12,27647289,27647290,P46
chr12,27647290,27647291,P46
chr12,27647291,27647292,P46
chr12,27647388,27647389,P46
chr12,27647389,27647390,P46
chr12,27647393,27647394,P46
chr12,27647441,27647442,P46
chr12,27647448,27647449,P46
chr12,27647468,27647469,P46
chr12,27647470,27647471,P46
chr12,27647471,27647472,P46
chr12,27647487,27647488,P46
chr12,27647497,27647498,P46
chr12,27647501,27647502,P46
chr12,27647508,27647509,P46
chr12,27647512,27647513,P46
chr12,27647532,27647533,P46
chr12,27647547,27647548,P46
chr12,27647569,27647570,P46
chr12,27647588,27647589,P46
chr12,27647594,27647595,P46
chr12,27647669,27647670,P46
chr12,27647670,27647671,P46
chr12,27647678,27647679,P46
chr12,41953820,41953821,P47
chr12,41953916,41953917,P47
chr12,41953942,41953943,P47
chr12,41953958,41953959,P47
chr12,41953966,41953967,P47
chr12,41953968,41953969,P47
chr12,41954071,41954072,P47
chr12,41954073,41954074,P47
chr12,41954106,41954107,P47
chr12,41954127,41954128,P47
chr12,41954159,41954160,P47
chr12,41954169,41954170,P47
chr12,41954220,41954221,P47
chr12,41954241,41954242,P47
chr12,41954254,41954255,P47
chr12,41954262,41954263,P47
chr12,41954280,41954281,P47
chr12,41954366,41954367,P47
chr12,41954384,41954385,P47
chr12,41954386,41954387,P47
chr12,41954387,41954388,P47
chr12,41954392,41954393,P47
chr12,41954479,41954480,P47
chr12,41954581,41954582,P47
chr12,41954582,41954583,P47
chr12,41954608,41954609,P47
chr12,41954677,41954678,P47
chr12,41954720,41954721,P47
chr12,41954721,41954722,P47
chr12,41954731,41954732,P47
chr12,68114495,68114496,P98
chr12,68114515,68114516,P98
chr12,68114543,68114544,P98
chr12,68114546,68114547,P98
chr12,68114572,68114573,P98
chr12,68114578,68114579,P98
chr12,68114731,68114732,P98
chr12,68114753,68114754,P98
chr12,68114856,68114857,P98
chr12,68114874,68114875,P98
chr12,68114901,68114902,P98
chr12,68114972,68114973,P98
chr12,68114979,68114980,P98
chr12,68115000,68115001,P98
chr12,68115046,68115047,P98
chr12,68115061,68115062,P98
chr12,68115074,68115075,P98
chr12,68115163,68115164,P98
chr12,68115183,68115184,P98
chr12,68115196,68115197,P98
chr12,68115209,68115210,P98
chr12,68115291,68115292,P98
chr12,68115306,68115307,P98
chr12,68115313,68115314,P98
chr12,68115343,68115344,P98
chr12,68115363,68115364,P98
chr12,68115388,68115389,P98
chr12,118450823,118450824,P99
chr12,118450849,118450850,P99
chr12,118450864,118450865,P99
chr12,118450925,118450926,P99
chr12,118450937,118450938,P99
chr12,118451006,118451007,P99
chr12,118451025,118451026,P99
chr12,118451092,118451093,P99
chr12,118451135,118451136,P99
chr12,118451143,118451144,P99
chr12,118451162,118451163,P99
chr12,118451204,118451205,P99
chr12,118451267,118451268,P99
chr12,118451291,118451292,P99
chr12,118451298,118451299,P99
chr12,118451353,118451354,P99
chr12,118451386,118451387,P99
chr12,118451390,118451391,P99
chr12,118451402,118451403,P99
chr12,118451413,118451414,P99
chr12,118451436,118451437,P99
chr12,118451463,118451464,P99
chr12,118451481,118451482,P99
chr12,118451508,118451509,P99
chr12,118451510,118451511,P99
chr12,118451519,118451520,P99
chr12,118451582,118451583,P99
chr12,118451673,118451674,P99
chr12,118451722,118451723,P99
chr12,118451753,118451754,P99
chr13,32978702,32978703,P21
chr13,32978720,32978721,P21
chr13,32978729,32978730,P21
chr13,32978873,32978874,P21
chr13,32978874,32978875,P21
chr13,32978875,32978876,P21
chr13,32978893,32978894,P21
chr13,32978934,32978935,P21
chr13,32979030,32979031,P21
chr13,32979041,32979042,P21
chr13,32979042,32979043,P21
chr13,32979043,32979044,P21
chr13,32979051,32979052,P21
chr13,32979061,32979062,P21
chr13,32979092,32979093,P21
chr13,32979134,32979135,P21
chr13,32979138,32979139,P21
chr13,32979139,32979140,P21
chr13,32979146,32979147,P21
chr13,32979152,32979153,P21
chr13,32979182,32979183,P21
chr13,32979216,32979217,P21
chr13,32979226,32979227,P21
chr13,32979232,32979233,P21
chr13,32979240,32979241,P21
chr13,32979299,32979300,P21
chr13,32979351,32979352,P21
chr13,32979353,32979354,P21
chr13,32979378,32979379,P21
chr13,32979410,32979411,P21
chr13,32979422,32979423,P21
chr13,32979431,32979432,P21
chr13,32979441,32979442,P21
chr13,32979448,32979449,P21
chr13,32979488,32979489,P21
chr13,32979489,32979490,P21
chr13,32979497,32979498,P21
chr13,32979510,32979511,P21
chr13,32979516,32979517,P21
chr13,110229977,110229978,P60
chr13,110230037,110230038,P60
chr13,110230038,110230039,P60
chr13,110230055,110230056,P60
chr13,110230096,110230097,P60
chr13,110230161,110230162,P60
chr13,110230182,110230183,P60
chr13,110230199,110230200,P60
chr13,110230206,110230207,P60
chr13,110230207,110230208,P60
chr13,110230213,110230214,P60
chr13,110230273,110230274,P60
chr13,110230280,110230281,P60
chr13,110230281,110230282,P60
chr13,110230285,110230286,P60
chr13,110230301,110230302,P60
chr13,110230307,110230308,P60
chr13,110230317,110230318,P60
chr13,110230388,110230389,P60
chr13,110230404,110230405,P60
chr13,110230405,110230406,P60
chr13,110230503,110230504,P60
chr13,110230504,110230505,P60
chr13,110230583,110230584,P60
chr13,110230608,110230609,P60
chr13,110230705,110230706,P60
chr13,110230719,110230720,P60
chr13,110230757,110230758,P60
chr13,110230781,110230782,P60
chr13,110230784,110230785,P60
chr13,110230807,110230808,P60
chr13,110230813,110230814,P60
chr13,110230823,110230824,P60
chr13,110230832,110230833,P60
chr13,110230849,110230850,P60
chr13,110230879,110230880,P60
chr13,110230909,110230910,P60
chr13,110230914,110230915,P60
chr14,72714804,72714805,P103
chr14,72714805,72714806,P103
chr14,72714808,72714809,P103
chr14,72714847,72714848,P103
chr14,72714850,72714851,P103
chr14,72714855,72714856,P103
chr14,72714863,72714864,P103
chr14,72714866,72714867,P103
chr14,72714869,72714870,P103
chr14,72714871,72714872,P103
chr14,72714896,72714897,P103
chr14,72714915,72714916,P103
chr14,72714919,72714920,P103
chr14,72714943,72714944,P103
chr14,72714948,72714949,P103
chr14,72714965,72714966,P103
chr14,72714975,72714976,P103
chr14,72714986,72714987,P103
chr14,72715019,72715020,P103
chr14,72715021,72715022,P103
chr14,72715040,72715041,P103
chr14,72715066,72715067,P103
chr14,72715074,72715075,P103
chr14,72715087,72715088,P103
chr14,72715158,72715159,P103
chr14,72715173,72715174,P103
chr14,72715187,72715188,P103
chr14,72715199,72715200,P103
chr14,72715209,72715210,P103
chr14,72715328,72715329,P103
chr14,72715347,72715348,P103
chr14,72715348,72715349,P103
chr14,72715375,72715376,P103
chr14,72715389,72715390,P103
chr14,72715400,72715401,P103
chr14,72715402,72715403,P103
chr14,72715403,72715404,P103
chr14,72715466,72715467,P103
chr14,72715467,72715468,P103
chr14,72715468,72715469,P103
chr14,72715493,72715494,P103
chr14,72715547,72715548,P103
chr14,72715558,72715559,P103
chr14,72715599,72715600,P103
chr14,72715603,72715604,P103
chr14,72715669,72715670,P103
chr14,72715684,72715685,P103
chr14,72715722,72715723,P103
chr14,72715724,72715725,P103
chr15,87160632,87160633,P48
chr15,87160634,87160635,P48
chr15,87160636,87160637,P48
chr15,87160644,87160645,P48
chr15,87160664,87160665,P48
chr15,87160688,87160689,P48
chr15,87160713,87160714,P48
chr15,87160723,87160724,P48
chr15,87160742,87160743,P48
chr15,87160761,87160762,P48
chr15,87160767,87160768,P48
chr15,87160783,87160784,P48
chr15,87160852,87160853,P48
chr15,87160853,87160854,P48
chr15,87160893,87160894,P48
chr15,87160943,87160944,P48
chr15,87160948,87160949,P48
chr15,87161002,87161003,P48
chr15,87161049,87161050,P48
chr15,87161132,87161133,P48
chr15,87161155,87161156,P48
chr15,87161179,87161180,P48
chr15,87161184,87161185,P48
chr15,87161194,87161195,P48
chr15,87161262,87161263,P48
chr15,87161272,87161273,P48
chr15,87161274,87161275,P48
chr15,87161289,87161290,P48
chr15,87161298,87161299,P48
chr15,87161307,87161308,P48
chr15,87161320,87161321,P48
chr15,87161321,87161322,P48
chr15,87161333,87161334,P48
chr15,87161335,87161336,P48
chr15,87161340,87161341,P48
chr15,87161375,87161376,P48
chr15,87161384,87161385,P48
chr15,87161430,87161431,P48
chr15,87161546,87161547,P48
chr16,84251904,84251905,P49
chr16,84251910,84251911,P49
chr16,84251930,84251931,P49
chr16,84251955,84251956,P49
chr16,84251978,84251979,P49
chr16,84252016,84252017,P49
chr16,84252019,84252020,P49
chr16,84252071,84252072,P49
chr16,84252078,84252079,P49
chr16,84252131,84252132,P49
chr16,84252132,84252133,P49
chr16,84252170,84252171,P49
chr16,84252194,84252195,P49
chr16,84252218,84252219,P49
chr16,84252221,84252222,P49
chr16,84252226,84252227,P49
chr16,84252242,84252243,P49
chr16,84252255,84252256,P49
chr16,84252317,84252318,P49
chr16,84252357,84252358,P49
chr16,84252378,84252379,P49
chr16,84252420,84252421,P49
chr16,84252427,84252428,P49
chr16,84252453,84252454,P49
chr16,84252512,84252513,P49
chr16,84252557,84252558,P49
chr16,84252569,84252570,P49
chr16,84252625,84252626,P49
chr16,84252635,84252636,P49
chr16,84252644,84252645,P49
chr16,84252662,84252663,P49
chr16,84252669,84252670,P49
chr16,84252702,84252703,P49
chr16,84252718,84252719,P49
chr16,84252737,84252738,P49
chr16,84252744,84252745,P49
chr16,84252784,84252785,P49
chr16,84252833,84252834,P49
chr16,84252834,84252835,P49
chr18,21906076,21906077,P25
chr18,21906122,21906123,P25
chr18,21906136,21906137,P25
chr18,21906209,21906210,P25
chr18,21906212,21906213,P25
chr18,21906236,21906237,P25
chr18,21906259,21906260,P25
chr18,21906269,21906270,P25
chr18,21906274,21906275,P25
chr18,21906315,21906316,P25
chr18,21906332,21906333,P25
chr18,21906380,21906381,P25
chr18,21906381,21906382,P25
chr18,21906389,21906390,P25
chr18,21906394,21906395,P25
chr18,21906416,21906417,P25
chr18,21906446,21906447,P25
chr18,21906473,21906474,P25
chr18,21906494,21906495,P25
chr18,21906495,21906496,P25
chr18,21906502,21906503,P25
chr18,21906509,21906510,P25
chr18,21906534,21906535,P25
chr18,21906535,21906536,P25
chr18,21906539,21906540,P25
chr18,21906627,21906628,P25
chr18,21906691,21906692,P25
chr18,21906717,21906718,P25
chr18,21906723,21906724,P25
chr18,21906726,21906727,P25
chr18,21906760,21906761,P25
chr18,21906763,21906764,P25
chr18,21906836,21906837,P25
chr18,50802389,50802390,P26
chr18,50802426,50802427,P26
chr18,50802454,50802455,P26
chr18,50802502,50802503,P26
chr18,50802521,50802522,P26
chr18,50802550,50802551,P26
chr18,50802571,50802572,P26
chr18,50802572,50802573,P26
chr18,50802574,50802575,P26
chr18,50802606,50802607,P26
chr18,50802671,50802672,P26
chr18,50802678,50802679,P26
chr18,50802725,50802726,P26
chr18,50802741,50802742,P26
chr18,50802777,50802778,P26
chr18,50802795,50802796,P26
chr18,50803011,50803012,P26
chr18,50803023,50803024,P26
chr18,50803026,50803027,P26
chr18,50803031,50803032,P26
chr18,50803066,50803067,P26
chr18,50803067,50803068,P26
chr18,50803071,50803072,P26
chr18,50803085,50803086,P26
chr18,50803139,50803140,P26
chr18,50803175,50803176,P26
chr18,50803203,50803204,P26
chr18,50803246,50803247,P26
chr18,50803272,50803273,P26
chr18,50803274,50803275,P26
chr18,50803286,50803287,P26
chr18,50803289,50803290,P26
chr18,65363803,65363804,P105
chr18,65363823,65363824,P105
chr18,65363827,65363828,P105
chr18,65363856,65363857,P105
chr18,65363907,65363908,P105
chr18,65363951,65363952,P105
chr18,65363952,65363953,P105
chr18,65363962,65363963,P105
chr18,65363981,65363982,P105
chr18,65363999,65364000,P105
chr18,65364011,65364012,P105
chr18,65364068,65364069,P105
chr18,65364233,65364234,P105
chr18,65364268,65364269,P105
chr18,65364286,65364287,P105
chr18,65364293,65364294,P105
chr18,65364300,65364301,P105
chr18,65364334,65364335,P105
chr18,65364335,65364336,P105
chr18,65364341,65364342,P105
chr18,65364399,65364400,P105
chr18,65364408,65364409,P105
chr18,65364421,65364422,P105
chr18,65364425,65364426,P105
chr18,65364446,65364447,P105
chr18,65364496,65364497,P105
chr18,65364523,65364524,P105
chr18,65364565,65364566,P105
chr18,65364572,65364573,P105
chr18,65364663,65364664,P105
chr19,56243995,56243996,P8
chr19,56244008,56244009,P8
chr19,56244016,56244017,P8
chr19,56244019,56244020,P8
chr19,56244021,56244022,P8
chr19,56244036,56244037,P8
chr19,56244037,56244038,P8
chr19,56244041,56244042,P8
chr19,56244055,56244056,P8
chr19,56244058,56244059,P8
chr19,56244059,56244060,P8
chr19,56244065,56244066,P8
chr19,56244068,56244069,P8
chr19,56244079,56244080,P8
chr19,56244081,56244082,P8
chr19,56244092,56244093,P8
chr19,56244097,56244098,P8
chr19,56244107,56244108,P8
chr19,56244116,56244117,P8
chr19,56244117,56244118,P8
chr19,56244120,56244121,P8
chr19,56244122,56244123,P8
chr19,56244126,56244127,P8
chr19,56244149,56244150,P8
chr19,56244153,56244154,P8
chr19,56244154,56244155,P8
chr19,56244155,56244156,P8
chr19,56244158,56244159,P8
chr19,56244166,56244167,P8
chr19,56244169,56244170,P8
chr19,56244174,56244175,P8
chr19,56244179,56244180,P8
chr19,56244190,56244191,P8
chr19,56244200,56244201,P8
chr19,56244201,56244202,P8
chr19,56244204,56244205,P8
chr19,56244267,56244268,P8
chr19,56244327,56244328,P8
chr19,56244332,56244333,P8
chr19,56244362,56244363,P8
chr19,56244363,56244364,P8
chr19,56244366,56244367,P8
chr19,56244400,56244401,P8
chr19,56244436,56244437,P8
chr19,56244441,56244442,P8
chr19,56244445,56244446,P8
chr19,56244481,56244482,P8
chr19,56244482,56244483,P8
chr19,56244507,56244508,P8
chr19,56244523,56244524,P8
chr19,56244528,56244529,P8
chr19,56244529,56244530,P8
chr19,56244554,56244555,P8
chr19,56244557,56244558,P8
chr19,56244606,56244607,P8
chr19,56244616,56244617,P8
chr19,56244617,56244618,P8
chr19,56244627,56244628,P8
chr19,56244633,56244634,P8
chr19,56244636,56244637,P8
chr19,56244652,56244653,P8
chr19,56244667,56244668,P8
chr19,56244677,56244678,P8
chr19,56244698,56244699,P8
chr19,56244710,56244711,P8
chr19,56244720,56244721,P8
chr19,56244726,56244727,P8
chr19,56244743,56244744,P8
chr19,56244778,56244779,P8
chr19,56244798,56244799,P8
chr19,56244840,56244841,P8
chr19,56244841,56244842,P8
chr19,56244847,56244848,P8
chr2,28567165,28567166,P50
chr2,28567191,28567192,P50
chr2,28567259,28567260,P50
chr2,28567338,28567339,P50
chr2,28567465,28567466,P50
chr2,28567503,28567504,P50
chr2,28567566,28567567,P50
chr2,28567575,28567576,P50
chr2,28567586,28567587,P50
chr2,28567608,28567609,P50
chr2,28567610,28567611,P50
chr2,28567622,28567623,P50
chr2,28567629,28567630,P50
chr2,28567630,28567631,P50
chr2,28567654,28567655,P50
chr2,28567659,28567660,P50
chr2,28567661,28567662,P50
chr2,28567662,28567663,P50
chr2,28567673,28567674,P50
chr2,28567678,28567679,P50
chr2,28567685,28567686,P50
chr2,28567689,28567690,P50
chr2,28567692,28567693,P50
chr2,28567695,28567696,P50
chr2,28567696,28567697,P50
chr2,28567704,28567705,P50
chr2,28567713,28567714,P50
chr2,28567714,28567715,P50
chr2,28567718,28567719,P50
chr2,28567722,28567723,P50
chr2,28567723,28567724,P50
chr2,28567739,28567740,P50
chr2,28567751,28567752,P50
chr2,28567790,28567791,P50
chr2,28567816,28567817,P50
chr2,28567817,28567818,P50
chr2,28567820,28567821,P50
chr2,28567824,28567825,P50
chr2,28567842,28567843,P50
chr2,28567861,28567862,P50
chr2,28567869,28567870,P50
chr2,28567870,28567871,P50
chr2,28567883,28567884,P50
chr2,28567911,28567912,P50
chr2,28567979,28567980,P50
chr2,28568009,28568010,P50
chr2,28568013,28568014,P50
chr2,28568077,28568078,P50
chr2,204496969,204496970,P119
chr2,204496994,204496995,P119
chr2,204497060,204497061,P119
chr2,204497088,204497089,P119
chr2,204497113,204497114,P119
chr2,204497163,204497164,P119
chr2,204497173,204497174,P119
chr2,204497177,204497178,P119
chr2,204497206,204497207,P119
chr2,204497272,204497273,P119
chr2,204497351,204497352,P119
chr2,204497424,204497425,P119
chr2,204497436,204497437,P119
chr2,204497490,204497491,P119
chr2,204497491,204497492,P119
chr2,204497493,204497494,P119
chr2,204497495,204497496,P119
chr2,204497520,204497521,P119
chr2,204497523,204497524,P119
chr2,204497556,204497557,P119
chr2,204497608,204497609,P119
chr2,204497625,204497626,P119
chr2,204497636,204497637,P119
chr2,204497713,204497714,P119
chr2,204497723,204497724,P119
chr2,204497785,204497786,P119
chr2,204497801,204497802,P119
chr2,204497851,204497852,P119
chr2,204497857,204497858,P119
chr2,204497897,204497898,P119
chr20,48211311,48211312,P64
chr20,48211319,48211320,P64
chr20,48211371,48211372,P64
chr20,48211373,48211374,P64
chr20,48211414,48211415,P64
chr20,48211446,48211447,P64
chr20,48211479,48211480,P64
chr20,48211523,48211524,P64
chr20,48211564,48211565,P64
chr20,48211574,48211575,P64
chr20,48211629,48211630,P64
chr20,48211682,48211683,P64
chr20,48211694,48211695,P64
chr20,48211763,48211764,P64
chr20,48211767,48211768,P64
chr20,48211769,48211770,P64
chr20,48211795,48211796,P64
chr20,48211838,48211839,P64
chr20,48211869,48211870,P64
chr20,48211904,48211905,P64
chr20,48211908,48211909,P64
chr20,48211913,48211914,P64
chr20,48211944,48211945,P64
chr20,48211945,48211946,P64
chr20,48211952,48211953,P64
chr20,48211968,48211969,P64
chr20,48211985,48211986,P64
chr20,48211987,48211988,P64
chr20,48212010,48212011,P64
chr20,48212017,48212018,P64
chr20,48212095,48212096,P64
chr20,48212119,48212120,P64
chr20,48212149,48212150,P64
chr20,48212174,48212175,P64
chr20,48212205,48212206,P64
chr20,48212232,48212233,P64
chr20,48212244,48212245,P64
chr20,48212255,48212256,P64
chr20,48212256,48212257,P64
chr20,60984084,60984085,P31
chr20,60984096,60984097,P31
chr20,60984135,60984136,P31
chr20,60984184,60984185,P31
chr20,60984216,60984217,P31
chr20,60984226,60984227,P31
chr20,60984242,60984243,P31
chr20,60984272,60984273,P31
chr20,60984292,60984293,P31
chr20,60984302,60984303,P31
chr20,60984336,60984337,P31
chr20,60984396,60984397,P31
chr20,60984416,60984417,P31
chr20,60984417,60984418,P31
chr20,60984477,60984478,P31
chr20,60984479,60984480,P31
chr20,60984483,60984484,P31
chr20,60984493,60984494,P31
chr20,60984521,60984522,P31
chr20,60984567,60984568,P31
chr20,60984569,60984570,P31
chr20,60984605,60984606,P31
chr20,60984606,60984607,P31
chr20,60984608,60984609,P31
chr20,60984641,60984642,P31
chr20,60984699,60984700,P31
chr20,60984729,60984730,P31
chr20,60984750,60984751,P31
chr20,60984751,60984752,P31
chr20,60984830,60984831,P31
chr20,60984831,60984832,P31
chr20,60984832,60984833,P31
chr20,60984844,60984845,P31
chr20,60984856,60984857,P31
chr20,60984864,60984865,P31
chr20,60984872,60984873,P31
chr20,60984879,60984880,P31
chr20,60984920,60984921,P31
chr20,60984955,60984956,P31
chr20,60984974,60984975,P31
chr20,60984979,60984980,P31
chr20,60984983,60984984,P31
chr21,27339760,27339761,P52
chr21,27339764,27339765,P52
chr21,27339776,27339777,P52
chr21,27339789,27339790,P52
chr21,27339862,27339863,P52
chr21,27339866,27339867,P52
chr21,27339888,27339889,P52
chr21,27339901,27339902,P52
chr21,27339972,27339973,P52
chr21,27339973,27339974,P52
chr21,27340012,27340013,P52
chr21,27340038,27340039,P52
chr21,27340081,27340082,P52
chr21,27340087,27340088,P52
chr21,27340098,27340099,P52
chr21,27340298,27340299,P52
chr21,27340326,27340327,P52
chr21,27340346,27340347,P52
chr21,27340360,27340361,P52
chr21,27340420,27340421,P52
chr21,27340425,27340426,P52
chr21,27340468,27340469,P52
chr21,27340494,27340495,P52
chr21,27340515,27340516,P52
chr21,27340548,27340549,P52
chr21,27340549,27340550,P52
chr21,27340636,27340637,P52
chr21,27340647,27340648,P52
chr21,27340660,27340661,P52
chr21,27340669,27340670,P52
chr22,26396324,26396325,P9
chr22,26396336,26396337,P9
chr22,26396359,26396360,P9
chr22,26396374,26396375,P9
chr22,26396427,26396428,P9
chr22,26396449,26396450,P9
chr22,26396466,26396467,P9
chr22,26396467,26396468,P9
chr22,26396486,26396487,P9
chr22,26396535,26396536,P9
chr22,26396537,26396538,P9
chr22,26396538,26396539,P9
chr22,26396578,26396579,P9
chr22,26396594,26396595,P9
chr22,26396609,26396610,P9
chr22,26396618,26396619,P9
chr22,26396623,26396624,P9
chr22,26396629,26396630,P9
chr22,26396635,26396636,P9
chr22,26396676,26396677,P9
chr22,26396722,26396723,P9
chr22,26396826,26396827,P9
chr22,26396845,26396846,P9
chr22,26396921,26396922,P9
chr22,26396946,26396947,P9
chr22,26396992,26396993,P9
chr22,26397026,26397027,P9
chr22,26397069,26397070,P9
chr22,26397071,26397072,P9
chr22,26397106,26397107,P9
chr22,26397107,26397108,P9
chr22,26397113,26397114,P9
chr22,26397114,26397115,P9
chr22,26397118,26397119,P9
chr22,26397131,26397132,P9
chr22,26397140,26397141,P9
chr22,26397178,26397179,P9
chr22,26397193,26397194,P9
chr22,26397223,26397224,P9
chr22,26397224,26397225,P9
chr22,44127642,44127643,P120
chr22,44127643,44127644,P120
chr22,44127655,44127656,P120
chr22,44127669,44127670,P120
chr22,44127712,44127713,P120
chr22,44127872,44127873,P120
chr22,44127944,44127945,P120
chr22,44128019,44128020,P120
chr22,44128020,44128021,P120
chr22,44128026,44128027,P120
chr22,44128049,44128050,P120
chr22,44128067,44128068,P120
chr22,44128082,44128083,P120
chr22,44128098,44128099,P120
chr22,44128122,44128123,P120
chr22,44128141,44128142,P120
chr22,44128200,44128201,P120
chr22,44128219,44128220,P120
chr22,44128220,44128221,P120
chr22,44128242,44128243,P120
chr22,44128244,44128245,P120
chr22,44128262,44128263,P120
chr22,44128291,44128292,P120
chr22,44128301,44128302,P120
chr22,44128324,44128325,P120
chr22,44128389,44128390,P120
chr22,44128411,44128412,P120
chr22,44128433,44128434,P120
chr22,44128434,44128435,P120
chr22,44128441,44128442,P120
chr22,44128450,44128451,P120
chr22,44128472,44128473,P120
chr22,44128486,44128487,P120
chr22,44128489,44128490,P120
chr22,44128539,44128540,P120
chr22,44128540,44128541,P120
chr22,44128550,44128551,P120
chr22,44128582,44128583,P120
chr22,44128585,44128586,P120
chr3,63451430,63451431,P67
chr3,63451509,63451510,P67
chr3,63451547,63451548,P67
chr3,63451600,63451601,P67
chr3,63451601,63451602,P67
chr3,63451658,63451659,P67
chr3,63451659,63451660,P67
chr3,63451711,63451712,P67
chr3,63451716,63451717,P67
chr3,63451739,63451740,P67
chr3,63451757,63451758,P67
chr3,63451766,63451767,P67
chr3,63451787,63451788,P67
chr3,63451799,63451800,P67
chr3,63451865,63451866,P67
chr3,63451899,63451900,P67
chr3,63451974,63451975,P67
chr3,63452018,63452019,P67
chr3,63452053,63452054,P67
chr3,63452106,63452107,P67
chr3,63452181,63452182,P67
chr3,63452196,63452197,P67
chr3,63452218,63452219,P67
chr3,63452226,63452227,P67
chr3,63452227,63452228,P67
chr3,63452236,63452237,P67
chr3,63452287,63452288,P67
chr3,63452300,63452301,P67
chr3,63452343,63452344,P67
chr3,117518423,117518424,P53
chr3,117518424,117518425,P53
chr3,117518453,117518454,P53
chr3,117518469,117518470,P53
chr3,117518582,117518583,P53
chr3,117518584,117518585,P53
chr3,117518585,117518586,P53
chr3,117518594,117518595,P53
chr3,117518611,117518612,P53
chr3,117518661,117518662,P53
chr3,117518667,117518668,P53
chr3,117518668,117518669,P53
chr3,117518676,117518677,P53
chr3,117518713,117518714,P53
chr3,117518724,117518725,P53
chr3,117518736,117518737,P53
chr3,117518740,117518741,P53
chr3,117518772,117518773,P53
chr3,117518777,117518778,P53
chr3,117518795,117518796,P53
chr3,117518864,117518865,P53
chr3,117518869,117518870,P53
chr3,117518900,117518901,P53
chr3,117518918,117518919,P53
chr3,117518923,117518924,P53
chr3,117519002,117519003,P53
chr3,117519003,117519004,P53
chr3,117519042,117519043,P53
chr3,117519058,117519059,P53
chr3,117519113,117519114,P53
chr3,117519127,117519128,P53
chr3,117519134,117519135,P53
chr3,117519142,117519143,P53
chr3,117519144,117519145,P53
chr3,117519147,117519148,P53
chr3,117519217,117519218,P53
chr3,117519264,117519265,P53
chr3,117519265,117519266,P53
chr3,117519319,117519320,P53
chr4,81722149,81722150,P83
chr4,81722157,81722158,P83
chr4,81722158,81722159,P83
chr4,81722162,81722163,P83
chr4,81722173,81722174,P83
chr4,81722217,81722218,P83
chr4,81722374,81722375,P83
chr4,81722375,81722376,P83
chr4,81722388,81722389,P83
chr4,81722489,81722490,P83
chr4,81722563,81722564,P83
chr4,81722602,81722603,P83
chr4,81722614,81722615,P83
chr4,81722630,81722631,P83
chr4,81722743,81722744,P83
chr4,81722756,81722757,P83
chr4,81722769,81722770,P83
chr4,81722774,81722775,P83
chr4,81722790,81722791,P83
chr4,81722796,81722797,P83
chr4,81722818,81722819,P83
chr4,81722831,81722832,P83
chr4,81722855,81722856,P83
chr4,81722856,81722857,P83
chr4,81722875,81722876,P83
chr4,81722916,81722917,P83
chr4,81722919,81722920,P83
chr4,81723053,81723054,P83
chr4,81723059,81723060,P83
chr4,81723096,81723097,P83
chr4,165622235,165622236,P68
chr4,165622351,165622352,P68
chr4,165622422,165622423,P68
chr4,165622468,165622469,P68
chr4,165622512,165622513,P68
chr4,165622535,165622536,P68
chr4,165622545,165622546,P68
chr4,165622556,165622557,P68
chr4,165622602,165622603,P68
chr4,165622605,165622606,P68
chr4,165622662,165622663,P68
chr4,165622686,165622687,P68
chr4,165622699,165622700,P68
chr4,165622748,165622749,P68
chr4,165622752,165622753,P68
chr4,165622774,165622775,P68
chr4,165622783,165622784,P68
chr4,165622788,165622789,P68
chr4,165622813,165622814,P68
chr4,165622872,165622873,P68
chr4,165623027,165623028,P68
chr4,165623041,165623042,P68
chr4,165623044,165623045,P68
chr5,2447160,2447161,P54
chr5,2447172,2447173,P54
chr5,2447223,2447224,P54
chr5,2447227,2447228,P54
chr5,2447246,2447247,P54
chr5,2447249,2447250,P54
chr5,2447253,2447254,P54
chr5,2447268,2447269,P54
chr5,2447276,2447277,P54
chr5,2447296,2447297,P54
chr5,2447298,2447299,P54
chr5,2447317,2447318,P54
chr5,2447328,2447329,P54
chr5,2447331,2447332,P54
chr5,2447332,2447333,P54
chr5,2447471,2447472,P54
chr5,2447479,2447480,P54
chr5,2447544,2447545,P54
chr5,2447550,2447551,P54
chr5,2447558,2447559,P54
chr5,2447575,2447576,P54
chr5,2447614,2447615,P54
chr5,2447624,2447625,P54
chr5,2447637,2447638,P54
chr5,2447658,2447659,P54
chr5,2447694,2447695,P54
chr5,2447711,2447712,P54
chr5,2447744,2447745,P54
chr5,2447747,2447748,P54
chr5,2447754,2447755,P54
chr5,2447764,2447765,P54
chr5,2447784,2447785,P54
chr5,2447809,2447810,P54
chr5,2447813,2447814,P54
chr5,2447821,2447822,P54
chr5,2447823,2447824,P54
chr5,2447831,2447832,P54
chr5,2447869,2447870,P54
chr5,2447875,2447876,P54
chr5,2447888,2447889,P54
chr5,2447891,2447892,P54
chr5,2447923,2447924,P54
chr5,2447937,2447938,P54
chr5,2447969,2447970,P54
chr5,2447981,2447982,P54
chr5,2448031,2448032,P54
chr5,2448044,2448045,P54
chr5,2448045,2448046,P54
chr5,2448050,2448051,P54
chr5,75948238,75948239,P73
chr5,75948261,75948262,P73
chr5,75948276,75948277,P73
chr5,75948286,75948287,P73
chr5,75948296,75948297,P73
chr5,75948373,75948374,P73
chr5,75948426,75948427,P73
chr5,75948481,75948482,P73
chr5,75948511,75948512,P73
chr5,75948524,75948525,P73
chr5,75948527,75948528,P73
chr5,75948579,75948580,P73
chr5,75948585,75948586,P73
chr5,75948596,75948597,P73
chr5,75948599,75948600,P73
chr5,75948612,75948613,P73
chr5,75948619,75948620,P73
chr5,75948623,75948624,P73
chr5,75948624,75948625,P73
chr5,75948629,75948630,P73
chr5,75948630,75948631,P73
chr5,75948637,75948638,P73
chr5,75948689,75948690,P73
chr5,75948707,75948708,P73
chr5,75948708,75948709,P73
chr5,75948742,75948743,P73
chr5,75948743,75948744,P73
chr5,75948770,75948771,P73
chr5,75948802,75948803,P73
chr5,75948818,75948819,P73
chr5,75948892,75948893,P73
chr5,75948925,75948926,P73
chr5,75948929,75948930,P73
chr5,75949029,75949030,P73
chr5,75949063,75949064,P73
chr5,75949073,75949074,P73
chr5,75949082,75949083,P73
chr5,75949088,75949089,P73
chr5,75949089,75949090,P73
chr5,75949099,75949100,P73
chr5,75949100,75949101,P73
chr6,47343201,47343202,P55
chr6,47343221,47343222,P55
chr6,47343248,47343249,P55
chr6,47343268,47343269,P55
chr6,47343292,47343293,P55
chr6,47343317,47343318,P55
chr6,47343346,47343347,P55
chr6,47343372,47343373,P55
chr6,47343411,47343412,P55
chr6,47343431,47343432,P55
chr6,47343442,47343443,P55
chr6,47343471,47343472,P55
chr6,47343473,47343474,P55
chr6,47343491,47343492,P55
chr6,47343511,47343512,P55
chr6,47343512,47343513,P55
chr6,47343517,47343518,P55
chr6,47343553,47343554,P55
chr6,47343567,47343568,P55
chr6,47343610,47343611,P55
chr6,47343611,47343612,P55
chr6,47343672,47343673,P55
chr6,47343707,47343708,P55
chr6,47343739,47343740,P55
chr6,47343791,47343792,P55
chr6,47343806,47343807,P55
chr6,47343808,47343809,P55
chr6,47343833,47343834,P55
chr6,47343856,47343857,P55
chr6,47343871,47343872,P55
chr6,47343874,47343875,P55
chr6,47343897,47343898,P55
chr6,47343909,47343910,P55
chr6,47343946,47343947,P55
chr6,47343964,47343965,P55
chr6,47344012,47344013,P55
chr6,47344015,47344016,P55
chr6,47344025,47344026,P55
chr6,47344061,47344062,P55
chr6,47344077,47344078,P55
chr6,47344101,47344102,P55
chr6,168050671,168050672,P12
chr6,168050685,168050686,P12
chr6,168050704,168050705,P12
chr6,168050706,168050707,P12
chr6,168050724,168050725,P12
chr6,168050812,168050813,P12
chr6,168050820,168050821,P12
chr6,168050858,168050859,P12
chr6,168050860,168050861,P12
chr6,168050881,168050882,P12
chr6,168050886,168050887,P12
chr6,168050924,168050925,P12
chr6,168050946,168050947,P12
chr6,168051037,168051038,P12
chr6,168051043,168051044,P12
chr6,168051047,168051048,P12
chr6,168051098,168051099,P12
chr6,168051153,168051154,P12
chr6,168051239,168051240,P12
chr6,168051251,168051252,P12
chr6,168051253,168051254,P12
chr6,168051268,168051269,P12
chr6,168051269,168051270,P12
chr6,168051289,168051290,P12
chr6,168051319,168051320,P12
chr6,168051320,168051321,P12
chr6,168051340,168051341,P12
chr6,168051347,168051348,P12
chr6,168051360,168051361,P12
chr6,168051378,168051379,P12
chr6,168051379,168051380,P12
chr6,168051386,168051387,P12
chr6,168051388,168051389,P12
chr6,168051389,168051390,P12
chr6,168051442,168051443,P12
chr6,168051468,168051469,P12
chr6,168051510,168051511,P12
chr6,168051517,168051518,P12
chr6,168051530,168051531,P12
chr6,168051531,168051532,P12
chr6,168051543,168051544,P12
chr6,168051548,168051549,P12
chr6,168051586,168051587,P12
chr6,168051587,168051588,P12
chr6,168051594,168051595,P12
chr6,168051595,168051596,P12
chr6,168051622,168051623,P12
chr7,6934604,6934605,P13
chr7,6934620,6934621,P13
chr7,6934625,6934626,P13
chr7,6934638,6934639,P13
chr7,6934653,6934654,P13
chr7,6934657,6934658,P13
chr7,6934670,6934671,P13
chr7,6934698,6934699,P13
chr7,6934716,6934717,P13
chr7,6934751,6934752,P13
chr7,6934759,6934760,P13
chr7,6934792,6934793,P13
chr7,6934841,6934842,P13
chr7,6934842,6934843,P13
chr7,6934843,6934844,P13
chr7,6934860,6934861,P13
chr7,6934861,6934862,P13
chr7,6934865,6934866,P13
chr7,6934874,6934875,P13
chr7,6934875,6934876,P13
chr7,6934884,6934885,P13
chr7,6934906,6934907,P13
chr7,6934916,6934917,P13
chr7,6934925,6934926,P13
chr7,6934963,6934964,P13
chr7,6934964,6934965,P13
chr7,6934976,6934977,P13
chr7,6934983,6934984,P13
chr7,6934987,6934988,P13
chr7,6935012,6935013,P13
chr7,6935022,6935023,P13
chr7,6935052,6935053,P13
chr7,6935055,6935056,P13
chr7,6935056,6935057,P13
chr7,6935078,6935079,P13
chr7,6935079,6935080,P13
chr7,6935092,6935093,P13
chr7,6935100,6935101,P13
chr7,6935126,6935127,P13
chr7,6935127,6935128,P13
chr7,6935141,6935142,P13
chr7,6935158,6935159,P13
chr7,6935162,6935163,P13
chr7,6935176,6935177,P13
chr7,6935177,6935178,P13
chr7,6935183,6935184,P13
chr7,6935193,6935194,P13
chr7,6935203,6935204,P13
chr7,6935204,6935205,P13
chr7,6935209,6935210,P13
chr7,6935215,6935216,P13
chr7,6935219,6935220,P13
chr7,6935221,6935222,P13
chr7,6935240,6935241,P13
chr7,6935248,6935249,P13
chr7,6935249,6935250,P13
chr7,6935250,6935251,P13
chr7,6935256,6935257,P13
chr7,6935260,6935261,P13
chr7,6935263,6935264,P13
chr7,6935288,6935289,P13
chr7,6935295,6935296,P13
chr7,6935302,6935303,P13
chr7,6935319,6935320,P13
chr7,6935321,6935322,P13
chr7,6935325,6935326,P13
chr7,6935343,6935344,P13
chr7,6935345,6935346,P13
chr7,6935350,6935351,P13
chr7,6935354,6935355,P13
chr7,6935363,6935364,P13
chr7,6935364,6935365,P13
chr7,6935397,6935398,P13
chr7,6935399,6935400,P13
chr7,6935400,6935401,P13
chr7,6935417,6935418,P13
chr7,6935418,6935419,P13
chr7,6935424,6935425,P13
chr7,6935465,6935466,P13
chr7,6935470,6935471,P13
chr7,6935472,6935473,P13
chr7,101288907,101288908,P125
chr7,101288916,101288917,P125
chr7,101288953,101288954,P125
chr7,101289048,101289049,P125
chr7,101289143,101289144,P125
chr7,101289162,101289163,P125
chr7,101289181,101289182,P125
chr7,101289184,101289185,P125
chr7,101289185,101289186,P125
chr7,101289186,101289187,P125
chr7,101289196,101289197,P125
chr7,101289213,101289214,P125
chr7,101289214,101289215,P125
chr7,101289215,101289216,P125
chr7,101289231,101289232,P125
chr7,101289233,101289234,P125
chr7,101289234,101289235,P125
chr7,101289241,101289242,P125
chr7,101289271,101289272,P125
chr7,101289273,101289274,P125
chr7,101289302,101289303,P125
chr7,101289312,101289313,P125
chr7,101289343,101289344,P125
chr7,101289357,101289358,P125
chr7,101289377,101289378,P125
chr7,101289383,101289384,P125
chr7,101289385,101289386,P125
chr7,101289394,101289395,P125
chr7,101289399,101289400,P125
chr7,101289405,101289406,P125
chr7,101289408,101289409,P125
chr7,101289410,101289411,P125
chr7,101289411,101289412,P125
chr7,101289426,101289427,P125
chr7,101289440,101289441,P125
chr7,101289445,101289446,P125
chr7,101289506,101289507,P125
chr7,101289565,101289566,P125
chr7,101289570,101289571,P125
chr7,101289578,101289579,P125
chr7,101289580,101289581,P125
chr7,101289584,101289585,P125
chr7,101289611,101289612,P125
chr7,101289612,101289613,P125
chr7,101289624,101289625,P125
chr7,101289663,101289664,P125
chr7,101289670,101289671,P125
chr7,101289748,101289749,P125
chr7,101289778,101289779,P125
chr7,101289789,101289790,P125
chr7,101289790,101289791,P125
chr7,149320845,149320846,P36
chr7,149320846,149320847,P36
chr7,149320868,149320869,P36
chr7,149320896,149320897,P36
chr7,149320920,149320921,P36
chr7,149320921,149320922,P36
chr7,149320948,149320949,P36
chr7,149320967,149320968,P36
chr7,149320968,149320969,P36
chr7,149321117,149321118,P36
chr7,149321139,149321140,P36
chr7,149321197,149321198,P36
chr7,149321216,149321217,P36
chr7,149321226,149321227,P36
chr7,149321249,149321250,P36
chr7,149321348,149321349,P36
chr7,149321377,149321378,P36
chr7,149321426,149321427,P36
chr7,149321446,149321447,P36
chr7,149321449,149321450,P36
chr7,149321475,149321476,P36
chr7,149321533,149321534,P36
chr7,149321618,149321619,P36
chr7,149321663,149321664,P36
chr7,149321686,149321687,P36
chr8,5783113,5783114,P57
chr8,5783127,5783128,P57
chr8,5783130,5783131,P57
chr8,5783135,5783136,P57
chr8,5783139,5783140,P57
chr8,5783160,5783161,P57
chr8,5783166,5783167,P57
chr8,5783176,5783177,P57
chr8,5783182,5783183,P57
chr8,5783204,5783205,P57
chr8,5783212,5783213,P57
chr8,5783220,5783221,P57
chr8,5783245,5783246,P57
chr8,5783263,5783264,P57
chr8,5783279,5783280,P57
chr8,5783285,5783286,P57
chr8,5783295,5783296,P57
chr8,5783296,5783297,P57
chr8,5783306,5783307,P57
chr8,5783330,5783331,P57
chr8,5783332,5783333,P57
chr8,5783338,5783339,P57
chr8,5783342,5783343,P57
chr8,5783345,5783346,P57
chr8,5783364,5783365,P57
chr8,5783376,5783377,P57
chr8,5783378,5783379,P57
chr8,5783381,5783382,P57
chr8,5783385,5783386,P57
chr8,5783388,5783389,P57
chr8,5783393,5783394,P57
chr8,5783408,5783409,P57
chr8,5783432,5783433,P57
chr8,5783457,5783458,P57
chr8,5783468,5783469,P57
chr8,5783572,5783573,P57
chr8,5783617,5783618,P57
chr8,5783621,5783622,P57
chr8,5783629,5783630,P57
chr8,5783647,5783648,P57
chr8,5783657,5783658,P57
chr8,5783672,5783673,P57
chr8,5783698,5783699,P57
chr8,5783712,5783713,P57
chr8,5783721,5783722,P57
chr8,5783750,5783751,P57
chr8,5783757,5783758,P57
chr8,5783767,5783768,P57
chr8,5783779,5783780,P57
chr8,5783807,5783808,P57
chr8,5783818,5783819,P57
chr8,5783855,5783856,P57
chr8,5783888,5783889,P57
chr8,5783920,5783921,P57
chr8,5783926,5783927,P57
chr8,5783927,5783928,P57
chr8,5783929,5783930,P57
chr8,5783931,5783932,P57
chr8,5783980,5783981,P57
chr8,5783985,5783986,P57
chr8,5783998,5783999,P57
chr8,5784000,5784001,P57
chr8,5784040,5784041,P57
chr8,69630303,69630304,P110
chr8,69630316,69630317,P110
chr8,69630322,69630323,P110
chr8,69630334,69630335,P110
chr8,69630350,69630351,P110
chr8,69630412,69630413,P110
chr8,69630419,69630420,P110
chr8,69630455,69630456,P110
chr8,69630456,69630457,P110
chr8,69630483,69630484,P110
chr8,69630484,69630485,P110
chr8,69630504,69630505,P110
chr8,69630513,69630514,P110
chr8,69630534,69630535,P110
chr8,69630575,69630576,P110
chr8,69630607,69630608,P110
chr8,69630618,69630619,P110
chr8,69630631,69630632,P110
chr8,69630687,69630688,P110
chr8,69630699,69630700,P110
chr8,69630701,69630702,P110
chr8,69630717,69630718,P110
chr8,69630723,69630724,P110
chr8,69630761,69630762,P110
chr8,69630778,69630779,P110
chr8,69630788,69630789,P110
chr8,69630795,69630796,P110
chr8,69630796,69630797,P110
chr8,69630807,69630808,P110
chr8,69630851,69630852,P110
chr8,69630864,69630865,P110
chr8,69630866,69630867,P110
chr8,69630874,69630875,P110
chr8,69630880,69630881,P110
chr8,69630897,69630898,P110
chr8,69630900,69630901,P110
chr8,69630906,69630907,P110
chr8,69630917,69630918,P110
chr8,69630932,69630933,P110
chr8,69630943,69630944,P110
chr8,69630958,69630959,P110
chr8,69630990,69630991,P110
chr8,69630992,69630993,P110
chr8,69631007,69631008,P110
chr8,69631049,69631050,P110
chr8,69631060,69631061,P110
chr8,69631128,69631129,P110
chr8,69631149,69631150,P110
chr8,69631150,69631151,P110
chr8,69631194,69631195,P110
chr8,69631208,69631209,P110
chr8,69631235,69631236,P110
chr8,69631242,69631243,P110
chr8,142821243,142821244,P126
chr8,142821254,142821255,P126
chr8,142821275,142821276,P126
chr8,142821315,142821316,P126
chr8,142821330,142821331,P126
chr8,142821331,142821332,P126
chr8,142821341,142821342,P126
chr8,142821342,142821343,P126
chr8,142821399,142821400,P126
chr8,142821402,142821403,P126
chr8,142821430,142821431,P126
chr8,142821484,142821485,P126
chr8,142821485,142821486,P126
chr8,142821499,142821500,P126
chr8,142821500,142821501,P126
chr8,142821517,142821518,P126
chr8,142821527,142821528,P126
chr8,142821551,142821552,P126
chr8,142821566,142821567,P126
chr8,142821578,142821579,P126
chr8,142821589,142821590,P126
chr8,142821618,142821619,P126
chr8,142821644,142821645,P126
chr8,142821659,142821660,P126
chr8,142821665,142821666,P126
chr8,142821667,142821668,P126
chr8,142821721,142821722,P126
chr8,142821725,142821726,P126
chr8,142821737,142821738,P126
chr8,142821738,142821739,P126
chr8,142821754,142821755,P126
chr8,142821755,142821756,P126
chr8,142821764,142821765,P126
chr8,142821804,142821805,P126
chr8,142821820,142821821,P126
chr8,142821830,142821831,P126
chr8,142821832,142821833,P126
chr8,142821874,142821875,P126
chr8,142821983,142821984,P126
chr8,142822040,142822041,P126
chr8,142822046,142822047,P126
chr8,142822084,142822085,P126
chr8,142822085,142822086,P126
chr8,142822133,142822134,P126
chr8,142822145,142822146,P126
chr8,142822184,142822185,P126
chr8,142822195,142822196,P126
chr8,142822196,142822197,P126
chr9,8089735,8089736,P127
chr9,8089778,8089779,P127
chr9,8089782,8089783,P127
chr9,8089785,8089786,P127
chr9,8089819,8089820,P127
chr9,8089911,8089912,P127
chr9,8089916,8089917,P127
chr9,8089983,8089984,P127
chr9,8089985,8089986,P127
chr9,8089988,8089989,P127
chr9,8090010,8090011,P127
chr9,8090016,8090017,P127
chr9,8090040,8090041,P127
chr9,8090125,8090126,P127
chr9,8090161,8090162,P127
chr9,8090168,8090169,P127
chr9,8090172,8090173,P127
chr9,8090190,8090191,P127
chr9,8090220,8090221,P127
chr9,8090229,8090230,P127
chr9,8090256,8090257,P127
chr9,8090293,8090294,P127
chr9,8090305,8090306,P127
chr9,8090326,8090327,P127
chr9,8090348,8090349,P127
chr9,8090429,8090430,P127
chr9,8090445,8090446,P127
chr9,8090451,8090452,P127
chr9,8090469,8090470,P127
chr9,8090471,8090472,P127
chr9,8090473,8090474,P127
chr9,8090483,8090484,P127
chr9,8090495,8090496,P127
chr9,8090563,8090564,P127
chr9,8090577,8090578,P127
chr9,8090618,8090619,P127
chr9,8090630,8090631,P127
chr9,8090639,8090640,P127
chr9,8090648,8090649,P127
chr9,36863833,36863834,P16
chr9,36863835,36863836,P16
chr9,36863836,36863837,P16
chr9,36863838,36863839,P16
chr9,36863847,36863848,P16
chr9,36863857,36863858,P16
chr9,36863862,36863863,P16
chr9,36863864,36863865,P16
chr9,36863869,36863870,P16
chr9,36863875,36863876,P16
chr9,36863876,36863877,P16
chr9,36863880,36863881,P16
chr9,36863883,36863884,P16
chr9,36863884,36863885,P16
chr9,36863885,36863886,P16
chr9,36863891,36863892,P16
chr9,36863895,36863896,P16
chr9,36863903,36863904,P16
chr9,36863906,36863907,P16
chr9,36863913,36863914,P16
chr9,36863914,36863915,P16
chr9,36863918,36863919,P16
chr9,36863919,36863920,P16
chr9,36863920,36863921,P16
chr9,36863928,36863929,P16
chr9,36863931,36863932,P16
chr9,36863933,36863934,P16
chr9,36863935,36863936,P16
chr9,36863936,36863937,P16
chr9,36863964,36863965,P16
chr9,36863965,36863966,P16
chr9,36863969,36863970,P16
chr9,36863978,36863979,P16
chr9,36863980,36863981,P16
chr9,36863988,36863989,P16
chr9,36864013,36864014,P16
chr9,36864016,36864017,P16
chr9,36864017,36864018,P16
chr9,36864034,36864035,P16
chr9,36864035,36864036,P16
chr9,36864057,36864058,P16
chr9,36864062,36864063,P16
chr9,36864065,36864066,P16
chr9,36864068,36864069,P16
chr9,36864074,36864075,P16
chr9,36864092,36864093,P16
chr9,36864095,36864096,P16
chr9,36864134,36864135,P16
chr9,36864160,36864161,P16
chr9,36864267,36864268,P16
chr9,36864292,36864293,P16
chr9,36864300,36864301,P16
chr9,36864363,36864364,P16
chr9,36864369,36864370,P16
chr9,36864391,36864392,P16
chr9,36864512,36864513,P16
chr9,36864552,36864553,P16
chr9,36864599,36864600,P16
chr9,36864632,36864633,P16
chr9,36864659,36864660,P16
chr9,36864660,36864661,P16
chr9,36864710,36864711,P16
chr9,36864728,36864729,P16
chr9,36864743,36864744,P16
chr9,36864749,36864750,P16
chr9,36864751,36864752,P16
