Chromosome,End,Name,Start
chr1,4307228,P77,4307227
chr1,4307238,P77,4307237
chr1,4307247,P77,4307246
chr1,4307263,P77,4307262
chr1,4307329,P77,4307328
chr1,4307488,P77,4307487
chr1,4307499,P77,4307498
chr1,4307522,P77,4307521
chr1,4307691,P77,4307690
chr1,4307719,P77,4307718
chr1,4307738,P77,4307737
chr1,4307750,P77,4307749
chr1,4307762,P77,4307761
chr1,4307767,P77,4307766
chr1,4307768,P77,4307767
chr1,4307818,P77,4307817
chr1,4307859,P77,4307858
chr1,4307862,P77,4307861
chr1,4307910,P77,4307909
chr1,4307914,P77,4307913
chr1,4307915,P77,4307914
chr1,4307917,P77,4307916
chr1,4307920,P77,4307919
chr1,4307958,P77,4307957
chr1,4307966,P77,4307965
chr1,4307968,P77,4307967
chr1,4307969,P77,4307968
chr1,4308087,P77,4308086
chr1,4308107,P77,4308106
chr1,4308117,P77,4308116
chr1,4308156,P77,4308155
chr1,4308157,P77,4308156
chr1,14827149,P40,14827148
chr1,14827158,P40,14827157
chr1,14827160,P40,14827159
chr1,14827161,P40,14827160
chr1,14827185,P40,14827184
chr1,14827189,P40,14827188
chr1,14827268,P40,14827267
chr1,14827274,P40,14827273
chr1,14827316,P40,14827315
chr1,14827351,P40,14827350
chr1,14827366,P40,14827365
chr1,14827392,P40,14827391
chr1,14827470,P40,14827469
chr1,14827478,P40,14827477
chr1,14827481,P40,14827480
chr1,14827492,P40,14827491
chr1,14827493,P40,14827492
chr1,14827506,P40,14827505
chr1,14827510,P40,14827509
chr1,14827517,P40,14827516
chr1,14827521,P40,14827520
chr1,14827534,P40,14827533
chr1,14827582,P40,14827581
chr1,14827638,P40,14827637
chr1,14827639,P40,14827638
chr1,14827642,P40,14827641
chr1,14827645,P40,14827644
chr1,14827650,P40,14827649
chr1,14827680,P40,14827679
chr1,14827783,P40,14827782
chr1,14827803,P40,14827802
chr1,14827827,P40,14827826
chr1,14827829,P40,14827828
chr1,14827838,P40,14827837
chr1,14827882,P40,14827881
chr1,14827947,P40,14827946
chr1,14828025,P40,14828024
chr1,14828043,P40,14828042
chr1,14828068,P40,14828067
chr1,14828077,P40,14828076
chr1,38265391,P41,38265390
chr1,38265418,P41,38265417
chr1,38265461,P41,38265460
chr1,38265520,P41,38265519
chr1,38265570,P41,38265569
chr1,38265596,P41,38265595
chr1,38265613,P41,38265612
chr1,38265767,P41,38265766
chr1,38265777,P41,38265776
chr1,38265781,P41,38265780
chr1,38265783,P41,38265782
chr1,38265804,P41,38265803
chr1,38265831,P41,38265830
chr1,38265833,P41,38265832
chr1,38265920,P41,38265919
chr1,38265929,P41,38265928
chr1,38265950,P41,38265949
chr1,38265959,P41,38265958
chr1,38266057,P41,38266056
chr1,38266095,P41,38266094
chr1,38266124,P41,38266123
chr1,38266125,P41,38266124
chr1,38266142,P41,38266141
chr1,38266154,P41,38266153
chr1,38266175,P41,38266174
chr1,38266194,P41,38266193
chr1,38266259,P41,38266258
chr1,101819117,P42,101819116
chr1,101819142,P42,101819141
chr1,101819196,P42,101819195
chr1,101819223,P42,101819222
chr1,101819257,P42,101819256
chr1,101819272,P42,101819271
chr1,101819296,P42,101819295
chr1,101819354,P42,101819353
chr1,101819357,P42,101819356
chr1,101819411,P42,101819410
chr1,101819439,P42,101819438
chr1,101819487,P42,101819486
chr1,101819547,P42,101819546
chr1,101819551,P42,101819550
chr1,101819559,P42,101819558
chr1,101819579,P42,101819578
chr1,101819601,P42,101819600
chr1,101819682,P42,101819681
chr1,101819692,P42,101819691
chr1,101819701,P42,101819700
chr1,101819703,P42,101819702
chr1,101819729,P42,101819728
chr1,101819748,P42,101819747
chr1,101819811,P42,101819810
chr1,101819819,P42,101819818
chr1,101819877,P42,101819876
chr1,101819879,P42,101819878
chr1,101819903,P42,101819902
chr1,101819933,P42,101819932
chr1,101819966,P42,101819965
chr1,101819972,P42,101819971
chr1,101820011,P42,101820010
chr1,147026864,P43,147026863
chr1,147026877,P43,147026876
chr1,147026887,P43,147026886
chr1,147026924,P43,147026923
chr1,147026928,P43,147026927
chr1,147026929,P43,147026928
chr1,147026935,P43,147026934
chr1,147026951,P43,147026950
chr1,147026961,P43,147026960
chr1,147026962,P43,147026961
chr1,147026975,P43,147026974
chr1,147026976,P43,147026975
chr1,147026988,P43,147026987
chr1,147027026,P43,147027025
chr1,147027047,P43,147027046
chr1,147027071,P43,147027070
chr1,147027081,P43,147027080
chr1,147027085,P43,147027084
chr1,147027086,P43,147027085
chr1,147027091,P43,147027090
chr1,147027110,P43,147027109
chr1,147027118,P43,147027117
chr1,147027132,P43,147027131
chr1,147027142,P43,147027141
chr1,147027145,P43,147027144
chr1,147027146,P43,147027145
chr1,147027183,P43,147027182
chr1,147027185,P43,147027184
chr1,147027243,P43,147027242
chr1,147027274,P43,147027273
chr1,147027279,P43,147027278
chr1,147027281,P43,147027280
chr1,147027283,P43,147027282
chr1,147027323,P43,147027322
chr1,147027352,P43,147027351
chr1,147027355,P43,147027354
chr1,147027372,P43,147027371
chr1,147027380,P43,147027379
chr1,147027387,P43,147027386
chr1,147027417,P43,147027416
chr1,147027436,P43,147027435
chr1,147027542,P43,147027541
chr1,147027584,P43,147027583
chr1,147027590,P43,147027589
chr1,147027642,P43,147027641
chr1,147027643,P43,147027642
chr1,147027672,P43,147027671
chr1,147027673,P43,147027672
chr1,147027674,P43,147027673
chr1,147027680,P43,147027679
chr1,147027723,P43,147027722
chr1,147027727,P43,147027726
chr1,147027728,P43,147027727
chr1,147027732,P43,147027731
chr1,147027736,P43,147027735
chr1,147027739,P43,147027738
chr1,147027747,P43,147027746
chr1,147027779,P43,147027778
chr1,147027804,P43,147027803
chr1,178974387,P112,178974386
chr1,178974441,P112,178974440
chr1,178974481,P112,178974480
chr1,178974603,P112,178974602
chr1,178974631,P112,178974630
chr1,178974650,P112,178974649
chr1,178974658,P112,178974657
chr1,178974700,P112,178974699
chr1,178974712,P112,178974711
chr1,178974722,P112,178974721
chr1,178974736,P112,178974735
chr1,178974779,P112,178974778
chr1,178974833,P112,178974832
chr1,178974839,P112,178974838
chr1,178974843,P112,178974842
chr1,178974844,P112,178974843
chr1,178974899,P112,178974898
chr1,178974901,P112,178974900
chr1,178974911,P112,178974910
chr1,178974912,P112,178974911
chr1,178974951,P112,178974950
chr1,178974983,P112,178974982
chr1,178974984,P112,178974983
chr1,178975026,P112,178975025
chr1,178975111,P112,178975110
chr1,178975174,P112,178975173
chr1,178975205,P112,178975204
chr1,178975240,P112,178975239
chr10,3055635,P113,3055634
chr10,3055668,P113,3055667
chr10,3055672,P113,3055671
chr10,3055673,P113,3055672
chr10,3055676,P113,3055675
chr10,3055716,P113,3055715
chr10,3055732,P113,3055731
chr10,3055733,P113,3055732
chr10,3055736,P113,3055735
chr10,3055747,P113,3055746
chr10,3056007,P113,3056006
chr10,3056024,P113,3056023
chr10,3056037,P113,3056036
chr10,3056057,P113,3056056
chr10,3056065,P113,3056064
chr10,3056079,P113,3056078
chr10,3056132,P113,3056131
chr10,3056142,P113,3056141
chr10,3056176,P113,3056175
chr10,3056201,P113,3056200
chr10,3056209,P113,3056208
chr10,3056213,P113,3056212
chr10,3056259,P113,3056258
chr10,3056260,P113,3056259
chr10,3056309,P113,3056308
chr10,3056324,P113,3056323
chr10,3056326,P113,3056325
chr10,3056403,P113,3056402
chr10,3056414,P113,3056413
chr10,3056420,P113,3056419
chr10,3056435,P113,3056434
chr10,3056445,P113,3056444
chr10,3056446,P113,3056445
chr10,3056447,P113,3056446
chr10,3056458,P113,3056457
chr10,3056519,P113,3056518
chr10,3056543,P113,3056542
chr11,11341283,P3,11341282
chr11,11341308,P3,11341307
chr11,11341326,P3,11341325
chr11,11341401,P3,11341400
chr11,11341433,P3,11341432
chr11,11341516,P3,11341515
chr11,11341550,P3,11341549
chr11,11341551,P3,11341550
chr11,11341587,P3,11341586
chr11,11341611,P3,11341610
chr11,11341673,P3,11341672
chr11,11341684,P3,11341683
chr11,11341687,P3,11341686
chr11,11341695,P3,11341694
chr11,11341701,P3,11341700
chr11,11341753,P3,11341752
chr11,11341755,P3,11341754
chr11,11341784,P3,11341783
chr11,11341785,P3,11341784
chr11,11341823,P3,11341822
chr11,11341836,P3,11341835
chr11,11341843,P3,11341842
chr11,11341884,P3,11341883
chr11,11341901,P3,11341900
chr11,11341902,P3,11341901
chr11,11341918,P3,11341917
chr11,11341942,P3,11341941
chr11,11342000,P3,11341999
chr11,11342001,P3,11342000
chr11,11342003,P3,11342002
chr11,11342008,P3,11342007
chr11,11342011,P3,11342010
chr11,11342028,P3,11342027
chr11,11342052,P3,11342051
chr11,11342123,P3,11342122
chr11,11342183,P3,11342182
chr11,11342200,P3,11342199
chr11,98834824,P4,98834823
chr11,98834842,P4,98834841
chr11,98834844,P4,98834843
chr11,98834858,P4,98834857
chr11,98834886,P4,98834885
chr11,98834897,P4,98834896
chr11,98834906,P4,98834905
chr11,98834907,P4,98834906
chr11,98834911,P4,98834910
chr11,98834918,P4,98834917
chr11,98834922,P4,98834921
chr11,98834959,P4,98834958
chr11,98834989,P4,98834988
chr11,98835010,P4,98835009
chr11,98835019,P4,98835018
chr11,98835020,P4,98835019
chr11,98835033,P4,98835032
chr11,98835076,P4,98835075
chr11,98835197,P4,98835196
chr11,98835217,P4,98835216
chr11,98835248,P4,98835247
chr11,98835288,P4,98835287
chr11,98835313,P4,98835312
chr11,98835349,P4,98835348
chr11,98835352,P4,98835351
chr11,98835387,P4,98835386
chr11,98835425,P4,98835424
chr11,98835473,P4,98835472
chr11,98835476,P4,98835475
chr11,98835480,P4,98835479
chr11,98835517,P4,98835516
chr11,98835538,P4,98835537
chr11,98835543,P4,98835542
chr11,98835544,P4,98835543
chr11,98835565,P4,98835564
chr11,98835655,P4,98835654
chr11,98835664,P4,98835663
chr11,98835670,P4,98835669
chr11,98835686,P4,98835685
chr11,98835688,P4,98835687
chr11,98835734,P4,98835733
chr11,98835738,P4,98835737
chr11,98835751,P4,98835750
chr12,27646758,P46,27646757
chr12,27646761,P46,27646760
chr12,27646817,P46,27646816
chr12,27646828,P46,27646827
chr12,27646840,P46,27646839
chr12,27646843,P46,27646842
chr12,27646871,P46,27646870
chr12,27646882,P46,27646881
chr12,27646893,P46,27646892
chr12,27646894,P46,27646893
chr12,27646904,P46,27646903
chr12,27646914,P46,27646913
chr12,27646917,P46,27646916
chr12,27646946,P46,27646945
chr12,27646952,P46,27646951
chr12,27646953,P46,27646952
chr12,27646955,P46,27646954
chr12,27647036,P46,27647035
chr12,27647043,P46,27647042
chr12,27647044,P46,27647043
chr12,27647048,P46,27647047
chr12,27647049,P46,27647048
chr12,27647052,P46,27647051
chr12,27647054,P46,27647053
chr12,27647087,P46,27647086
chr12,27647097,P46,27647096
chr12,27647126,P46,27647125
chr12,27647129,P46,27647128
chr12,27647132,P46,27647131
chr12,27647145,P46,27647144
chr12,27647147,P46,27647146
chr12,27647172,P46,27647171
chr12,27647201,P46,27647200
chr12,27647207,P46,27647206
chr12,27647209,P46,27647208
chr12,27647247,P46,27647246
chr12,27647248,P46,27647247
chr12,27647278,P46,27647277
chr12,27647286,P46,27647285
chr12,27647290,P46,27647289
chr12,27647291,P46,27647290
chr12,27647292,P46,27647291
chr12,27647389,P46,27647388
chr12,27647390,P46,27647389
chr12,27647394,P46,27647393
chr12,27647442,P46,27647441
chr12,27647449,P46,27647448
chr12,27647469,P46,27647468
chr12,27647471,P46,27647470
chr12,27647472,P46,27647471
chr12,27647488,P46,27647487
chr12,27647498,P46,27647497
chr12,27647502,P46,27647501
chr12,27647509,P46,27647508
chr12,27647513,P46,27647512
chr12,27647533,P46,27647532
chr12,27647548,P46,27647547
chr12,27647570,P46,27647569
chr12,27647589,P46,27647588
chr12,27647595,P46,27647594
chr12,27647670,P46,27647669
chr12,27647671,P46,27647670
chr12,27647679,P46,27647678
chr12,41953821,P47,41953820
chr12,41953917,P47,41953916
chr12,41953943,P47,41953942
chr12,41953959,P47,41953958
chr12,41953967,P47,41953966
chr12,41953969,P47,41953968
chr12,41954072,P47,41954071
chr12,41954074,P47,41954073
chr12,41954107,P47,41954106
chr12,41954128,P47,41954127
chr12,41954160,P47,41954159
chr12,41954170,P47,41954169
chr12,41954221,P47,41954220
chr12,41954242,P47,41954241
chr12,41954255,P47,41954254
chr12,41954263,P47,41954262
chr12,41954281,P47,41954280
chr12,41954367,P47,41954366
chr12,41954385,P47,41954384
chr12,41954387,P47,41954386
chr12,41954388,P47,41954387
chr12,41954393,P47,41954392
chr12,41954480,P47,41954479
chr12,41954582,P47,41954581
chr12,41954583,P47,41954582
chr12,41954609,P47,41954608
chr12,41954678,P47,41954677
chr12,41954721,P47,41954720
chr12,41954722,P47,41954721
chr12,41954732,P47,41954731
chr12,68114496,P98,68114495
chr12,68114516,P98,68114515
chr12,68114544,P98,68114543
chr12,68114547,P98,68114546
chr12,68114573,P98,68114572
chr12,68114579,P98,68114578
chr12,68114732,P98,68114731
chr12,68114754,P98,68114753
chr12,68114857,P98,68114856
chr12,68114875,P98,68114874
chr12,68114902,P98,68114901
chr12,68114973,P98,68114972
chr12,68114980,P98,68114979
chr12,68115001,P98,68115000
chr12,68115047,P98,68115046
chr12,68115062,P98,68115061
chr12,68115075,P98,68115074
chr12,68115164,P98,68115163
chr12,68115184,P98,68115183
chr12,68115197,P98,68115196
chr12,68115210,P98,68115209
chr12,68115292,P98,68115291
chr12,68115307,P98,68115306
chr12,68115314,P98,68115313
chr12,68115344,P98,68115343
chr12,68115364,P98,68115363
chr12,68115389,P98,68115388
chr12,118450824,P99,118450823
chr12,118450850,P99,118450849
chr12,118450865,P99,118450864
chr12,118450926,P99,118450925
chr12,118450938,P99,118450937
chr12,118451007,P99,118451006
chr12,118451026,P99,118451025
chr12,118451093,P99,118451092
chr12,118451136,P99,118451135
chr12,118451144,P99,118451143
chr12,118451163,P99,118451162
chr12,118451205,P99,118451204
chr12,118451268,P99,118451267
chr12,118451292,P99,118451291
chr12,118451299,P99,118451298
chr12,118451354,P99,118451353
chr12,118451387,P99,118451386
chr12,118451391,P99,118451390
chr12,118451403,P99,118451402
chr12,118451414,P99,118451413
chr12,118451437,P99,118451436
chr12,118451464,P99,118451463
chr12,118451482,P99,118451481
chr12,118451509,P99,118451508
chr12,118451511,P99,118451510
chr12,118451520,P99,118451519
chr12,118451583,P99,118451582
chr12,118451674,P99,118451673
chr12,118451723,P99,118451722
chr12,118451754,P99,118451753
chr13,32978703,P21,32978702
chr13,32978721,P21,32978720
chr13,32978730,P21,32978729
chr13,32978874,P21,32978873
chr13,32978875,P21,32978874
chr13,32978876,P21,32978875
chr13,32978894,P21,32978893
chr13,32978935,P21,32978934
chr13,32979031,P21,32979030
chr13,32979042,P21,32979041
chr13,32979043,P21,32979042
chr13,32979044,P21,32979043
chr13,32979052,P21,32979051
chr13,32979062,P21,32979061
chr13,32979093,P21,32979092
chr13,32979135,P21,32979134
chr13,32979139,P21,32979138
chr13,32979140,P21,32979139
chr13,32979147,P21,32979146
chr13,32979153,P21,32979152
chr13,32979183,P21,32979182
chr13,32979217,P21,32979216
chr13,32979227,P21,32979226
chr13,32979233,P21,32979232
chr13,32979241,P21,32979240
chr13,32979300,P21,32979299
chr13,32979352,P21,32979351
chr13,32979354,P21,32979353
chr13,32979379,P21,32979378
chr13,32979411,P21,32979410
chr13,32979423,P21,32979422
chr13,32979432,P21,32979431
chr13,32979442,P21,32979441
chr13,32979449,P21,32979448
chr13,32979489,P21,32979488
chr13,32979490,P21,32979489
chr13,32979498,P21,32979497
chr13,32979511,P21,32979510
chr13,32979517,P21,32979516
chr13,110229978,P60,110229977
chr13,110230038,P60,110230037
chr13,110230039,P60,110230038
chr13,110230056,P60,110230055
chr13,110230097,P60,110230096
chr13,110230159,P60,110230158
chr13,110230162,P60,110230161
chr13,110230183,P60,110230182
chr13,110230200,P60,110230199
chr13,110230207,P60,110230206
chr13,110230208,P60,110230207
chr13,110230214,P60,110230213
chr13,110230274,P60,110230273
chr13,110230281,P60,110230280
chr13,110230282,P60,110230281
chr13,110230286,P60,110230285
chr13,110230302,P60,110230301
chr13,110230308,P60,110230307
chr13,110230318,P60,110230317
chr13,110230389,P60,110230388
chr13,110230405,P60,110230404
chr13,110230406,P60,110230405
chr13,110230504,P60,110230503
chr13,110230505,P60,110230504
chr13,110230584,P60,110230583
chr13,110230609,P60,110230608
chr13,110230706,P60,110230705
chr13,110230720,P60,110230719
chr13,110230758,P60,110230757
chr13,110230782,P60,110230781
chr13,110230785,P60,110230784
chr13,110230808,P60,110230807
chr13,110230814,P60,110230813
chr13,110230824,P60,110230823
chr13,110230833,P60,110230832
chr13,110230850,P60,110230849
chr13,110230880,P60,110230879
chr13,110230910,P60,110230909
chr13,110230915,P60,110230914
chr14,72714805,P103,72714804
chr14,72714806,P103,72714805
chr14,72714809,P103,72714808
chr14,72714848,P103,72714847
chr14,72714851,P103,72714850
chr14,72714856,P103,72714855
chr14,72714864,P103,72714863
chr14,72714867,P103,72714866
chr14,72714870,P103,72714869
chr14,72714872,P103,72714871
chr14,72714897,P103,72714896
chr14,72714916,P103,72714915
chr14,72714920,P103,72714919
chr14,72714944,P103,72714943
chr14,72714949,P103,72714948
chr14,72714966,P103,72714965
chr14,72714976,P103,72714975
chr14,72714987,P103,72714986
chr14,72715020,P103,72715019
chr14,72715022,P103,72715021
chr14,72715041,P103,72715040
chr14,72715067,P103,72715066
chr14,72715075,P103,72715074
chr14,72715088,P103,72715087
chr14,72715159,P103,72715158
chr14,72715174,P103,72715173
chr14,72715188,P103,72715187
chr14,72715200,P103,72715199
chr14,72715210,P103,72715209
chr14,72715329,P103,72715328
chr14,72715348,P103,72715347
chr14,72715349,P103,72715348
chr14,72715376,P103,72715375
chr14,72715390,P103,72715389
chr14,72715401,P103,72715400
chr14,72715403,P103,72715402
chr14,72715404,P103,72715403
chr14,72715467,P103,72715466
chr14,72715468,P103,72715467
chr14,72715469,P103,72715468
chr14,72715494,P103,72715493
chr14,72715548,P103,72715547
chr14,72715559,P103,72715558
chr14,72715600,P103,72715599
chr14,72715604,P103,72715603
chr14,72715670,P103,72715669
chr14,72715685,P103,72715684
chr14,72715723,P103,72715722
chr14,72715725,P103,72715724
chr15,87160633,P48,87160632
chr15,87160635,P48,87160634
chr15,87160637,P48,87160636
chr15,87160645,P48,87160644
chr15,87160665,P48,87160664
chr15,87160689,P48,87160688
chr15,87160714,P48,87160713
chr15,87160724,P48,87160723
chr15,87160743,P48,87160742
chr15,87160762,P48,87160761
chr15,87160768,P48,87160767
chr15,87160784,P48,87160783
chr15,87160853,P48,87160852
chr15,87160854,P48,87160853
chr15,87160894,P48,87160893
chr15,87160944,P48,87160943
chr15,87160949,P48,87160948
chr15,87161003,P48,87161002
chr15,87161050,P48,87161049
chr15,87161133,P48,87161132
chr15,87161156,P48,87161155
chr15,87161180,P48,87161179
chr15,87161185,P48,87161184
chr15,87161195,P48,87161194
chr15,87161263,P48,87161262
chr15,87161273,P48,87161272
chr15,87161275,P48,87161274
chr15,87161290,P48,87161289
chr15,87161299,P48,87161298
chr15,87161308,P48,87161307
chr15,87161321,P48,87161320
chr15,87161322,P48,87161321
chr15,87161334,P48,87161333
chr15,87161336,P48,87161335
chr15,87161341,P48,87161340
chr15,87161376,P48,87161375
chr15,87161385,P48,87161384
chr15,87161431,P48,87161430
chr15,87161547,P48,87161546
chr16,84251905,P49,84251904
chr16,84251911,P49,84251910
chr16,84251931,P49,84251930
chr16,84251956,P49,84251955
chr16,84251979,P49,84251978
chr16,84252017,P49,84252016
chr16,84252020,P49,84252019
chr16,84252072,P49,84252071
chr16,84252079,P49,84252078
chr16,84252132,P49,84252131
chr16,84252133,P49,84252132
chr16,84252171,P49,84252170
chr16,84252195,P49,84252194
chr16,84252219,P49,84252218
chr16,84252222,P49,84252221
chr16,84252227,P49,84252226
chr16,84252243,P49,84252242
chr16,84252256,P49,84252255
chr16,84252318,P49,84252317
chr16,84252358,P49,84252357
chr16,84252379,P49,84252378
chr16,84252421,P49,84252420
chr16,84252428,P49,84252427
chr16,84252454,P49,84252453
chr16,84252513,P49,84252512
chr16,84252558,P49,84252557
chr16,84252570,P49,84252569
chr16,84252626,P49,84252625
chr16,84252636,P49,84252635
chr16,84252645,P49,84252644
chr16,84252663,P49,84252662
chr16,84252670,P49,84252669
chr16,84252703,P49,84252702
chr16,84252719,P49,84252718
chr16,84252738,P49,84252737
chr16,84252745,P49,84252744
chr16,84252785,P49,84252784
chr16,84252834,P49,84252833
chr16,84252835,P49,84252834
chr18,21906077,P25,21906076
chr18,21906123,P25,21906122
chr18,21906137,P25,21906136
chr18,21906210,P25,21906209
chr18,21906213,P25,21906212
chr18,21906237,P25,21906236
chr18,21906260,P25,21906259
chr18,21906270,P25,21906269
chr18,21906275,P25,21906274
chr18,21906316,P25,21906315
chr18,21906333,P25,21906332
chr18,21906381,P25,21906380
chr18,21906382,P25,21906381
chr18,21906390,P25,21906389
chr18,21906395,P25,21906394
chr18,21906417,P25,21906416
chr18,21906447,P25,21906446
chr18,21906474,P25,21906473
chr18,21906495,P25,21906494
chr18,21906496,P25,21906495
chr18,21906503,P25,21906502
chr18,21906510,P25,21906509
chr18,21906535,P25,21906534
chr18,21906536,P25,21906535
chr18,21906540,P25,21906539
chr18,21906628,P25,21906627
chr18,21906692,P25,21906691
chr18,21906718,P25,21906717
chr18,21906724,P25,21906723
chr18,21906727,P25,21906726
chr18,21906761,P25,21906760
chr18,21906764,P25,21906763
chr18,21906837,P25,21906836
chr18,50802390,P26,50802389
chr18,50802427,P26,50802426
chr18,50802455,P26,50802454
chr18,50802503,P26,50802502
chr18,50802522,P26,50802521
chr18,50802551,P26,50802550
chr18,50802572,P26,50802571
chr18,50802573,P26,50802572
chr18,50802575,P26,50802574
chr18,50802607,P26,50802606
chr18,50802672,P26,50802671
chr18,50802679,P26,50802678
chr18,50802726,P26,50802725
chr18,50802742,P26,50802741
chr18,50802778,P26,50802777
chr18,50802796,P26,50802795
chr18,50802948,P26,50802947
chr18,50803012,P26,50803011
chr18,50803024,P26,50803023
chr18,50803027,P26,50803026
chr18,50803032,P26,50803031
chr18,50803067,P26,50803066
chr18,50803068,P26,50803067
chr18,50803072,P26,50803071
chr18,50803086,P26,50803085
chr18,50803140,P26,50803139
chr18,50803176,P26,50803175
chr18,50803204,P26,50803203
chr18,50803247,P26,50803246
chr18,50803273,P26,50803272
chr18,50803275,P26,50803274
chr18,50803287,P26,50803286
chr18,50803290,P26,50803289
chr18,65363804,P105,65363803
chr18,65363824,P105,65363823
chr18,65363828,P105,65363827
chr18,65363857,P105,65363856
chr18,65363908,P105,65363907
chr18,65363952,P105,65363951
chr18,65363953,P105,65363952
chr18,65363963,P105,65363962
chr18,65363982,P105,65363981
chr18,65364000,P105,65363999
chr18,65364012,P105,65364011
chr18,65364069,P105,65364068
chr18,65364234,P105,65364233
chr18,65364269,P105,65364268
chr18,65364287,P105,65364286
chr18,65364294,P105,65364293
chr18,65364301,P105,65364300
chr18,65364335,P105,65364334
chr18,65364336,P105,65364335
chr18,65364342,P105,65364341
chr18,65364400,P105,65364399
chr18,65364409,P105,65364408
chr18,65364422,P105,65364421
chr18,65364426,P105,65364425
chr18,65364447,P105,65364446
chr18,65364497,P105,65364496
chr18,65364524,P105,65364523
chr18,65364566,P105,65364565
chr18,65364573,P105,65364572
chr18,65364664,P105,65364663
chr19,4195158,P118,4195157
chr19,4195170,P118,4195169
chr19,4195173,P118,4195172
chr19,4195175,P118,4195174
chr19,4195180,P118,4195179
chr19,4195185,P118,4195184
chr19,4195192,P118,4195191
chr19,4195197,P118,4195196
chr19,4195198,P118,4195197
chr19,4195216,P118,4195215
chr19,4195217,P118,4195216
chr19,4195218,P118,4195217
chr19,4195220,P118,4195219
chr19,4195221,P118,4195220
chr19,4195222,P118,4195221
chr19,4195224,P118,4195223
chr19,4195225,P118,4195224
chr19,4195228,P118,4195227
chr19,4195230,P118,4195229
chr19,4195233,P118,4195232
chr19,4195234,P118,4195233
chr19,4195262,P118,4195261
chr19,4195263,P118,4195262
chr19,4195275,P118,4195274
chr19,4195293,P118,4195292
chr19,4195294,P118,4195293
chr19,4195320,P118,4195319
chr19,4195321,P118,4195320
chr19,4195325,P118,4195324
chr19,4195326,P118,4195325
chr19,4195363,P118,4195362
chr19,4195364,P118,4195363
chr19,4195402,P118,4195401
chr19,4195450,P118,4195449
chr19,4195458,P118,4195457
chr19,4195459,P118,4195458
chr19,4195463,P118,4195462
chr19,4195595,P118,4195594
chr19,4195606,P118,4195605
chr19,4195611,P118,4195610
chr19,4195620,P118,4195619
chr19,4195624,P118,4195623
chr19,4195628,P118,4195627
chr19,4195636,P118,4195635
chr19,4195680,P118,4195679
chr19,4195685,P118,4195684
chr19,4195724,P118,4195723
chr19,4195754,P118,4195753
chr19,4195755,P118,4195754
chr19,4195759,P118,4195758
chr19,4195763,P118,4195762
chr19,4195764,P118,4195763
chr19,4195766,P118,4195765
chr19,4195774,P118,4195773
chr19,4195787,P118,4195786
chr19,4195797,P118,4195796
chr19,4195819,P118,4195818
chr19,4195824,P118,4195823
chr19,4195825,P118,4195824
chr19,4195837,P118,4195836
chr19,4195843,P118,4195842
chr19,4195845,P118,4195844
chr19,4195848,P118,4195847
chr19,4195895,P118,4195894
chr19,4195928,P118,4195927
chr19,4195941,P118,4195940
chr19,4195991,P118,4195990
chr19,4196009,P118,4196008
chr19,4196017,P118,4196016
chr19,4196082,P118,4196081
chr19,4196083,P118,4196082
chr19,4196084,P118,4196083
chr19,4196095,P118,4196094
chr19,56243996,P8,56243995
chr19,56244009,P8,56244008
chr19,56244017,P8,56244016
chr19,56244020,P8,56244019
chr19,56244022,P8,56244021
chr19,56244037,P8,56244036
chr19,56244038,P8,56244037
chr19,56244042,P8,56244041
chr19,56244056,P8,56244055
chr19,56244059,P8,56244058
chr19,56244060,P8,56244059
chr19,56244066,P8,56244065
chr19,56244069,P8,56244068
chr19,56244080,P8,56244079
chr19,56244082,P8,56244081
chr19,56244093,P8,56244092
chr19,56244098,P8,56244097
chr19,56244108,P8,56244107
chr19,56244117,P8,56244116
chr19,56244118,P8,56244117
chr19,56244121,P8,56244120
chr19,56244123,P8,56244122
chr19,56244127,P8,56244126
chr19,56244150,P8,56244149
chr19,56244154,P8,56244153
chr19,56244155,P8,56244154
chr19,56244156,P8,56244155
chr19,56244159,P8,56244158
chr19,56244167,P8,56244166
chr19,56244170,P8,56244169
chr19,56244175,P8,56244174
chr19,56244180,P8,56244179
chr19,56244191,P8,56244190
chr19,56244201,P8,56244200
chr19,56244202,P8,56244201
chr19,56244205,P8,56244204
chr19,56244268,P8,56244267
chr19,56244328,P8,56244327
chr19,56244333,P8,56244332
chr19,56244363,P8,56244362
chr19,56244364,P8,56244363
chr19,56244367,P8,56244366
chr19,56244401,P8,56244400
chr19,56244437,P8,56244436
chr19,56244442,P8,56244441
chr19,56244446,P8,56244445
chr19,56244482,P8,56244481
chr19,56244483,P8,56244482
chr19,56244508,P8,56244507
chr19,56244524,P8,56244523
chr19,56244529,P8,56244528
chr19,56244530,P8,56244529
chr19,56244555,P8,56244554
chr19,56244558,P8,56244557
chr19,56244607,P8,56244606
chr19,56244617,P8,56244616
chr19,56244618,P8,56244617
chr19,56244628,P8,56244627
chr19,56244634,P8,56244633
chr19,56244637,P8,56244636
chr19,56244653,P8,56244652
chr19,56244668,P8,56244667
chr19,56244678,P8,56244677
chr19,56244699,P8,56244698
chr19,56244711,P8,56244710
chr19,56244721,P8,56244720
chr19,56244727,P8,56244726
chr19,56244744,P8,56244743
chr19,56244779,P8,56244778
chr19,56244799,P8,56244798
chr19,56244841,P8,56244840
chr19,56244842,P8,56244841
chr19,56244848,P8,56244847
chr2,28567166,P50,28567165
chr2,28567192,P50,28567191
chr2,28567260,P50,28567259
chr2,28567339,P50,28567338
chr2,28567466,P50,28567465
chr2,28567504,P50,28567503
chr2,28567567,P50,28567566
chr2,28567576,P50,28567575
chr2,28567587,P50,28567586
chr2,28567609,P50,28567608
chr2,28567611,P50,28567610
chr2,28567623,P50,28567622
chr2,28567630,P50,28567629
chr2,28567631,P50,28567630
chr2,28567655,P50,28567654
chr2,28567660,P50,28567659
chr2,28567662,P50,28567661
chr2,28567663,P50,28567662
chr2,28567674,P50,28567673
chr2,28567679,P50,28567678
chr2,28567686,P50,28567685
chr2,28567690,P50,28567689
chr2,28567693,P50,28567692
chr2,28567696,P50,28567695
chr2,28567697,P50,28567696
chr2,28567705,P50,28567704
chr2,28567714,P50,28567713
chr2,28567715,P50,28567714
chr2,28567719,P50,28567718
chr2,28567723,P50,28567722
chr2,28567724,P50,28567723
chr2,28567740,P50,28567739
chr2,28567752,P50,28567751
chr2,28567791,P50,28567790
chr2,28567817,P50,28567816
chr2,28567818,P50,28567817
chr2,28567821,P50,28567820
chr2,28567825,P50,28567824
chr2,28567843,P50,28567842
chr2,28567862,P50,28567861
chr2,28567870,P50,28567869
chr2,28567871,P50,28567870
chr2,28567884,P50,28567883
chr2,28567912,P50,28567911
chr2,28567980,P50,28567979
chr2,28568010,P50,28568009
chr2,28568014,P50,28568013
chr2,28568078,P50,28568077
chr2,204496970,P119,204496969
chr2,204496995,P119,204496994
chr2,204497061,P119,204497060
chr2,204497089,P119,204497088
chr2,204497114,P119,204497113
chr2,204497164,P119,204497163
chr2,204497174,P119,204497173
chr2,204497178,P119,204497177
chr2,204497207,P119,204497206
chr2,204497273,P119,204497272
chr2,204497352,P119,204497351
chr2,204497425,P119,204497424
chr2,204497437,P119,204497436
chr2,204497491,P119,204497490
chr2,204497492,P119,204497491
chr2,204497494,P119,204497493
chr2,204497496,P119,204497495
chr2,204497521,P119,204497520
chr2,204497524,P119,204497523
chr2,204497557,P119,204497556
chr2,204497609,P119,204497608
chr2,204497626,P119,204497625
chr2,204497637,P119,204497636
chr2,204497714,P119,204497713
chr2,204497724,P119,204497723
chr2,204497786,P119,204497785
chr2,204497802,P119,204497801
chr2,204497852,P119,204497851
chr2,204497858,P119,204497857
chr2,204497898,P119,204497897
chr20,48211312,P64,48211311
chr20,48211320,P64,48211319
chr20,48211372,P64,48211371
chr20,48211374,P64,48211373
chr20,48211415,P64,48211414
chr20,48211447,P64,48211446
chr20,48211480,P64,48211479
chr20,48211524,P64,48211523
chr20,48211565,P64,48211564
chr20,48211575,P64,48211574
chr20,48211630,P64,48211629
chr20,48211683,P64,48211682
chr20,48211695,P64,48211694
chr20,48211764,P64,48211763
chr20,48211768,P64,48211767
chr20,48211770,P64,48211769
chr20,48211796,P64,48211795
chr20,48211839,P64,48211838
chr20,48211870,P64,48211869
chr20,48211905,P64,48211904
chr20,48211909,P64,48211908
chr20,48211914,P64,48211913
chr20,48211945,P64,48211944
chr20,48211946,P64,48211945
chr20,48211953,P64,48211952
chr20,48211969,P64,48211968
chr20,48211986,P64,48211985
chr20,48211988,P64,48211987
chr20,48212011,P64,48212010
chr20,48212018,P64,48212017
chr20,48212096,P64,48212095
chr20,48212120,P64,48212119
chr20,48212150,P64,48212149
chr20,48212175,P64,48212174
chr20,48212206,P64,48212205
chr20,48212233,P64,48212232
chr20,48212245,P64,48212244
chr20,48212256,P64,48212255
chr20,48212257,P64,48212256
chr20,60984085,P31,60984084
chr20,60984097,P31,60984096
chr20,60984136,P31,60984135
chr20,60984185,P31,60984184
chr20,60984217,P31,60984216
chr20,60984227,P31,60984226
chr20,60984243,P31,60984242
chr20,60984273,P31,60984272
chr20,60984293,P31,60984292
chr20,60984303,P31,60984302
chr20,60984337,P31,60984336
chr20,60984397,P31,60984396
chr20,60984417,P31,60984416
chr20,60984418,P31,60984417
chr20,60984478,P31,60984477
chr20,60984480,P31,60984479
chr20,60984484,P31,60984483
chr20,60984494,P31,60984493
chr20,60984522,P31,60984521
chr20,60984568,P31,60984567
chr20,60984570,P31,60984569
chr20,60984606,P31,60984605
chr20,60984607,P31,60984606
chr20,60984609,P31,60984608
chr20,60984642,P31,60984641
chr20,60984700,P31,60984699
chr20,60984730,P31,60984729
chr20,60984751,P31,60984750
chr20,60984752,P31,60984751
chr20,60984831,P31,60984830
chr20,60984832,P31,60984831
chr20,60984833,P31,60984832
chr20,60984845,P31,60984844
chr20,60984857,P31,60984856
chr20,60984865,P31,60984864
chr20,60984873,P31,60984872
chr20,60984880,P31,60984879
chr20,60984921,P31,60984920
chr20,60984956,P31,60984955
chr20,60984975,P31,60984974
chr20,60984980,P31,60984979
chr20,60984984,P31,60984983
chr21,27339761,P52,27339760
chr21,27339765,P52,27339764
chr21,27339777,P52,27339776
chr21,27339790,P52,27339789
chr21,27339863,P52,27339862
chr21,27339867,P52,27339866
chr21,27339889,P52,27339888
chr21,27339902,P52,27339901
chr21,27339973,P52,27339972
chr21,27339974,P52,27339973
chr21,27340013,P52,27340012
chr21,27340039,P52,27340038
chr21,27340082,P52,27340081
chr21,27340088,P52,27340087
chr21,27340099,P52,27340098
chr21,27340299,P52,27340298
chr21,27340327,P52,27340326
chr21,27340347,P52,27340346
chr21,27340361,P52,27340360
chr21,27340421,P52,27340420
chr21,27340426,P52,27340425
chr21,27340469,P52,27340468
chr21,27340495,P52,27340494
chr21,27340516,P52,27340515
chr21,27340549,P52,27340548
chr21,27340550,P52,27340549
chr21,27340637,P52,27340636
chr21,27340648,P52,27340647
chr21,27340661,P52,27340660
chr21,27340670,P52,27340669
chr22,26396325,P9,26396324
chr22,26396337,P9,26396336
chr22,26396360,P9,26396359
chr22,26396375,P9,26396374
chr22,26396428,P9,26396427
chr22,26396450,P9,26396449
chr22,26396467,P9,26396466
chr22,26396468,P9,26396467
chr22,26396487,P9,26396486
chr22,26396536,P9,26396535
chr22,26396538,P9,26396537
chr22,26396539,P9,26396538
chr22,26396579,P9,26396578
chr22,26396595,P9,26396594
chr22,26396610,P9,26396609
chr22,26396619,P9,26396618
chr22,26396624,P9,26396623
chr22,26396630,P9,26396629
chr22,26396636,P9,26396635
chr22,26396677,P9,26396676
chr22,26396723,P9,26396722
chr22,26396827,P9,26396826
chr22,26396846,P9,26396845
chr22,26396922,P9,26396921
chr22,26396947,P9,26396946
chr22,26396993,P9,26396992
chr22,26397027,P9,26397026
chr22,26397070,P9,26397069
chr22,26397072,P9,26397071
chr22,26397107,P9,26397106
chr22,26397108,P9,26397107
chr22,26397114,P9,26397113
chr22,26397115,P9,26397114
chr22,26397119,P9,26397118
chr22,26397132,P9,26397131
chr22,26397141,P9,26397140
chr22,26397179,P9,26397178
chr22,26397194,P9,26397193
chr22,26397224,P9,26397223
chr22,26397225,P9,26397224
chr22,44127643,P120,44127642
chr22,44127644,P120,44127643
chr22,44127656,P120,44127655
chr22,44127670,P120,44127669
chr22,44127713,P120,44127712
chr22,44127873,P120,44127872
chr22,44127945,P120,44127944
chr22,44128020,P120,44128019
chr22,44128021,P120,44128020
chr22,44128027,P120,44128026
chr22,44128050,P120,44128049
chr22,44128068,P120,44128067
chr22,44128083,P120,44128082
chr22,44128099,P120,44128098
chr22,44128123,P120,44128122
chr22,44128142,P120,44128141
chr22,44128201,P120,44128200
chr22,44128220,P120,44128219
chr22,44128221,P120,44128220
chr22,44128243,P120,44128242
chr22,44128245,P120,44128244
chr22,44128263,P120,44128262
chr22,44128292,P120,44128291
chr22,44128302,P120,44128301
chr22,44128325,P120,44128324
chr22,44128390,P120,44128389
chr22,44128412,P120,44128411
chr22,44128434,P120,44128433
chr22,44128435,P120,44128434
chr22,44128442,P120,44128441
chr22,44128451,P120,44128450
chr22,44128473,P120,44128472
chr22,44128487,P120,44128486
chr22,44128490,P120,44128489
chr22,44128540,P120,44128539
chr22,44128541,P120,44128540
chr22,44128551,P120,44128550
chr22,44128583,P120,44128582
chr22,44128586,P120,44128585
chr3,63451431,P67,63451430
chr3,63451510,P67,63451509
chr3,63451548,P67,63451547
chr3,63451601,P67,63451600
chr3,63451602,P67,63451601
chr3,63451659,P67,63451658
chr3,63451660,P67,63451659
chr3,63451712,P67,63451711
chr3,63451717,P67,63451716
chr3,63451740,P67,63451739
chr3,63451758,P67,63451757
chr3,63451767,P67,63451766
chr3,63451788,P67,63451787
chr3,63451800,P67,63451799
chr3,63451866,P67,63451865
chr3,63451900,P67,63451899
chr3,63451975,P67,63451974
chr3,63452019,P67,63452018
chr3,63452054,P67,63452053
chr3,63452107,P67,63452106
chr3,63452182,P67,63452181
chr3,63452197,P67,63452196
chr3,63452219,P67,63452218
chr3,63452227,P67,63452226
chr3,63452228,P67,63452227
chr3,63452237,P67,63452236
chr3,63452288,P67,63452287
chr3,63452301,P67,63452300
chr3,63452344,P67,63452343
chr3,117518424,P53,117518423
chr3,117518425,P53,117518424
chr3,117518454,P53,117518453
chr3,117518470,P53,117518469
chr3,117518583,P53,117518582
chr3,117518585,P53,117518584
chr3,117518586,P53,117518585
chr3,117518595,P53,117518594
chr3,117518612,P53,117518611
chr3,117518662,P53,117518661
chr3,117518668,P53,117518667
chr3,117518669,P53,117518668
chr3,117518677,P53,117518676
chr3,117518714,P53,117518713
chr3,117518725,P53,117518724
chr3,117518737,P53,117518736
chr3,117518741,P53,117518740
chr3,117518773,P53,117518772
chr3,117518778,P53,117518777
chr3,117518796,P53,117518795
chr3,117518865,P53,117518864
chr3,117518870,P53,117518869
chr3,117518901,P53,117518900
chr3,117518919,P53,117518918
chr3,117518924,P53,117518923
chr3,117519003,P53,117519002
chr3,117519004,P53,117519003
chr3,117519043,P53,117519042
chr3,117519059,P53,117519058
chr3,117519114,P53,117519113
chr3,117519128,P53,117519127
chr3,117519135,P53,117519134
chr3,117519143,P53,117519142
chr3,117519145,P53,117519144
chr3,117519148,P53,117519147
chr3,117519218,P53,117519217
chr3,117519265,P53,117519264
chr3,117519266,P53,117519265
chr3,117519320,P53,117519319
chr4,81722150,P83,81722149
chr4,81722158,P83,81722157
chr4,81722159,P83,81722158
chr4,81722163,P83,81722162
chr4,81722174,P83,81722173
chr4,81722218,P83,81722217
chr4,81722375,P83,81722374
chr4,81722376,P83,81722375
chr4,81722389,P83,81722388
chr4,81722490,P83,81722489
chr4,81722564,P83,81722563
chr4,81722603,P83,81722602
chr4,81722615,P83,81722614
chr4,81722631,P83,81722630
chr4,81722744,P83,81722743
chr4,81722757,P83,81722756
chr4,81722770,P83,81722769
chr4,81722775,P83,81722774
chr4,81722791,P83,81722790
chr4,81722797,P83,81722796
chr4,81722819,P83,81722818
chr4,81722832,P83,81722831
chr4,81722856,P83,81722855
chr4,81722857,P83,81722856
chr4,81722876,P83,81722875
chr4,81722917,P83,81722916
chr4,81722920,P83,81722919
chr4,81723054,P83,81723053
chr4,81723060,P83,81723059
chr4,81723097,P83,81723096
chr4,165622236,P68,165622235
chr4,165622352,P68,165622351
chr4,165622423,P68,165622422
chr4,165622469,P68,165622468
chr4,165622513,P68,165622512
chr4,165622536,P68,165622535
chr4,165622546,P68,165622545
chr4,165622557,P68,165622556
chr4,165622603,P68,165622602
chr4,165622606,P68,165622605
chr4,165622663,P68,165622662
chr4,165622687,P68,165622686
chr4,165622700,P68,165622699
chr4,165622748,P68,165622747
chr4,165622749,P68,165622748
chr4,165622753,P68,165622752
chr4,165622775,P68,165622774
chr4,165622784,P68,165622783
chr4,165622789,P68,165622788
chr4,165622814,P68,165622813
chr4,165622873,P68,165622872
chr4,165623012,P68,165623011
chr4,165623028,P68,165623027
chr4,165623042,P68,165623041
chr4,165623045,P68,165623044
chr5,2447161,P54,2447160
chr5,2447173,P54,2447172
chr5,2447224,P54,2447223
chr5,2447228,P54,2447227
chr5,2447247,P54,2447246
chr5,2447250,P54,2447249
chr5,2447254,P54,2447253
chr5,2447269,P54,2447268
chr5,2447277,P54,2447276
chr5,2447297,P54,2447296
chr5,2447299,P54,2447298
chr5,2447318,P54,2447317
chr5,2447329,P54,2447328
chr5,2447332,P54,2447331
chr5,2447333,P54,2447332
chr5,2447472,P54,2447471
chr5,2447480,P54,2447479
chr5,2447545,P54,2447544
chr5,2447551,P54,2447550
chr5,2447559,P54,2447558
chr5,2447576,P54,2447575
chr5,2447615,P54,2447614
chr5,2447625,P54,2447624
chr5,2447638,P54,2447637
chr5,2447659,P54,2447658
chr5,2447695,P54,2447694
chr5,2447712,P54,2447711
chr5,2447745,P54,2447744
chr5,2447748,P54,2447747
chr5,2447755,P54,2447754
chr5,2447765,P54,2447764
chr5,2447785,P54,2447784
chr5,2447810,P54,2447809
chr5,2447814,P54,2447813
chr5,2447822,P54,2447821
chr5,2447824,P54,2447823
chr5,2447832,P54,2447831
chr5,2447870,P54,2447869
chr5,2447876,P54,2447875
chr5,2447889,P54,2447888
chr5,2447892,P54,2447891
chr5,2447924,P54,2447923
chr5,2447938,P54,2447937
chr5,2447970,P54,2447969
chr5,2447982,P54,2447981
chr5,2448032,P54,2448031
chr5,2448045,P54,2448044
chr5,2448046,P54,2448045
chr5,2448051,P54,2448050
chr5,75948239,P73,75948238
chr5,75948262,P73,75948261
chr5,75948277,P73,75948276
chr5,75948287,P73,75948286
chr5,75948297,P73,75948296
chr5,75948374,P73,75948373
chr5,75948427,P73,75948426
chr5,75948482,P73,75948481
chr5,75948512,P73,75948511
chr5,75948525,P73,75948524
chr5,75948528,P73,75948527
chr5,75948580,P73,75948579
chr5,75948586,P73,75948585
chr5,75948597,P73,75948596
chr5,75948600,P73,75948599
chr5,75948613,P73,75948612
chr5,75948620,P73,75948619
chr5,75948624,P73,75948623
chr5,75948625,P73,75948624
chr5,75948630,P73,75948629
chr5,75948631,P73,75948630
chr5,75948638,P73,75948637
chr5,75948690,P73,75948689
chr5,75948708,P73,75948707
chr5,75948709,P73,75948708
chr5,75948743,P73,75948742
chr5,75948744,P73,75948743
chr5,75948771,P73,75948770
chr5,75948803,P73,75948802
chr5,75948819,P73,75948818
chr5,75948893,P73,75948892
chr5,75948926,P73,75948925
chr5,75948930,P73,75948929
chr5,75949030,P73,75949029
chr5,75949064,P73,75949063
chr5,75949074,P73,75949073
chr5,75949083,P73,75949082
chr5,75949089,P73,75949088
chr5,75949090,P73,75949089
chr5,75949100,P73,75949099
chr5,75949101,P73,75949100
chr5,180189997,P32,180189996
chr5,180190083,P32,180190082
chr5,180190209,P32,180190208
chr5,180190210,P32,180190209
chr5,180190214,P32,180190213
chr5,180190215,P32,180190214
chr5,180190225,P32,180190224
chr5,180190230,P32,180190229
chr5,180190242,P32,180190241
chr5,180190253,P32,180190252
chr5,180190259,P32,180190258
chr5,180190262,P32,180190261
chr5,180190269,P32,180190268
chr5,180190275,P32,180190274
chr5,180190283,P32,180190282
chr5,180190303,P32,180190302
chr5,180190311,P32,180190310
chr5,180190312,P32,180190311
chr5,180190313,P32,180190312
chr5,180190315,P32,180190314
chr5,180190323,P32,180190322
chr5,180190342,P32,180190341
chr5,180190344,P32,180190343
chr5,180190347,P32,180190346
chr5,180190349,P32,180190348
chr5,180190351,P32,180190350
chr5,180190352,P32,180190351
chr5,180190353,P32,180190352
chr5,180190354,P32,180190353
chr5,180190357,P32,180190356
chr5,180190363,P32,180190362
chr5,180190370,P32,180190369
chr5,180190375,P32,180190374
chr5,180190382,P32,180190381
chr5,180190383,P32,180190382
chr5,180190388,P32,180190387
chr5,180190402,P32,180190401
chr5,180190406,P32,180190405
chr5,180190407,P32,180190406
chr5,180190408,P32,180190407
chr5,180190414,P32,180190413
chr5,180190421,P32,180190420
chr5,180190422,P32,180190421
chr5,180190424,P32,180190423
chr5,180190622,P32,180190621
chr5,180190640,P32,180190639
chr5,180190643,P32,180190642
chr5,180190703,P32,180190702
chr5,180190710,P32,180190709
chr5,180190712,P32,180190711
chr5,180190727,P32,180190726
chr5,180190751,P32,180190750
chr5,180190764,P32,180190763
chr5,180190799,P32,180190798
chr5,180190803,P32,180190802
chr5,180190845,P32,180190844
chr6,47343202,P55,47343201
chr6,47343222,P55,47343221
chr6,47343249,P55,47343248
chr6,47343269,P55,47343268
chr6,47343293,P55,47343292
chr6,47343318,P55,47343317
chr6,47343347,P55,47343346
chr6,47343373,P55,47343372
chr6,47343412,P55,47343411
chr6,47343432,P55,47343431
chr6,47343443,P55,47343442
chr6,47343472,P55,47343471
chr6,47343474,P55,47343473
chr6,47343492,P55,47343491
chr6,47343512,P55,47343511
chr6,47343513,P55,47343512
chr6,47343518,P55,47343517
chr6,47343554,P55,47343553
chr6,47343568,P55,47343567
chr6,47343611,P55,47343610
chr6,47343612,P55,47343611
chr6,47343673,P55,47343672
chr6,47343708,P55,47343707
chr6,47343740,P55,47343739
chr6,47343792,P55,47343791
chr6,47343807,P55,47343806
chr6,47343809,P55,47343808
chr6,47343834,P55,47343833
chr6,47343857,P55,47343856
chr6,47343872,P55,47343871
chr6,47343875,P55,47343874
chr6,47343898,P55,47343897
chr6,47343910,P55,47343909
chr6,47343947,P55,47343946
chr6,47343965,P55,47343964
chr6,47344013,P55,47344012
chr6,47344016,P55,47344015
chr6,47344026,P55,47344025
chr6,47344062,P55,47344061
chr6,47344078,P55,47344077
chr6,47344102,P55,47344101
chr6,148361959,P84,148361958
chr6,148361961,P84,148361960
chr6,148361968,P84,148361967
chr6,148361974,P84,148361973
chr6,148361975,P84,148361974
chr6,148361976,P84,148361975
chr6,148362033,P84,148362032
chr6,148362038,P84,148362037
chr6,148362039,P84,148362038
chr6,148362040,P84,148362039
chr6,148362049,P84,148362048
chr6,148362057,P84,148362056
chr6,148362063,P84,148362062
chr6,148362064,P84,148362063
chr6,148362065,P84,148362064
chr6,148362075,P84,148362074
chr6,148362117,P84,148362116
chr6,148362118,P84,148362117
chr6,148362120,P84,148362119
chr6,148362123,P84,148362122
chr6,148362126,P84,148362125
chr6,148362128,P84,148362127
chr6,148362129,P84,148362128
chr6,148362131,P84,148362130
chr6,148362132,P84,148362131
chr6,148362134,P84,148362133
chr6,148362135,P84,148362134
chr6,148362136,P84,148362135
chr6,148362138,P84,148362137
chr6,148362143,P84,148362142
chr6,148362144,P84,148362143
chr6,148362148,P84,148362147
chr6,148362152,P84,148362151
chr6,148362162,P84,148362161
chr6,148362170,P84,148362169
chr6,148362174,P84,148362173
chr6,148362178,P84,148362177
chr6,148362179,P84,148362178
chr6,148362203,P84,148362202
chr6,148362206,P84,148362205
chr6,148362212,P84,148362211
chr6,148362217,P84,148362216
chr6,148362218,P84,148362217
chr6,148362219,P84,148362218
chr6,148362222,P84,148362221
chr6,148362223,P84,148362222
chr6,148362261,P84,148362260
chr6,148362262,P84,148362261
chr6,148362293,P84,148362292
chr6,148362311,P84,148362310
chr6,148362362,P84,148362361
chr6,148362455,P84,148362454
chr6,148362464,P84,148362463
chr6,148362489,P84,148362488
chr6,148362495,P84,148362494
chr6,148362548,P84,148362547
chr6,148362573,P84,148362572
chr6,148362594,P84,148362593
chr6,148362605,P84,148362604
chr6,148362677,P84,148362676
chr6,148362678,P84,148362677
chr6,148362731,P84,148362730
chr6,148362750,P84,148362749
chr6,148362759,P84,148362758
chr6,148362765,P84,148362764
chr6,148362769,P84,148362768
chr6,148362777,P84,148362776
chr6,148362780,P84,148362779
chr6,148362781,P84,148362780
chr6,148362788,P84,148362787
chr6,148362823,P84,148362822
chr6,168050672,P12,168050671
chr6,168050686,P12,168050685
chr6,168050705,P12,168050704
chr6,168050707,P12,168050706
chr6,168050725,P12,168050724
chr6,168050813,P12,168050812
chr6,168050821,P12,168050820
chr6,168050859,P12,168050858
chr6,168050861,P12,168050860
chr6,168050882,P12,168050881
chr6,168050887,P12,168050886
chr6,168050925,P12,168050924
chr6,168050947,P12,168050946
chr6,168051018,P12,168051017
chr6,168051038,P12,168051037
chr6,168051044,P12,168051043
chr6,168051048,P12,168051047
chr6,168051099,P12,168051098
chr6,168051154,P12,168051153
chr6,168051240,P12,168051239
chr6,168051252,P12,168051251
chr6,168051254,P12,168051253
chr6,168051269,P12,168051268
chr6,168051270,P12,168051269
chr6,168051290,P12,168051289
chr6,168051320,P12,168051319
chr6,168051321,P12,168051320
chr6,168051341,P12,168051340
chr6,168051348,P12,168051347
chr6,168051361,P12,168051360
chr6,168051379,P12,168051378
chr6,168051380,P12,168051379
chr6,168051387,P12,168051386
chr6,168051389,P12,168051388
chr6,168051390,P12,168051389
chr6,168051443,P12,168051442
chr6,168051469,P12,168051468
chr6,168051511,P12,168051510
chr6,168051518,P12,168051517
chr6,168051531,P12,168051530
chr6,168051532,P12,168051531
chr6,168051544,P12,168051543
chr6,168051549,P12,168051548
chr6,168051587,P12,168051586
chr6,168051588,P12,168051587
chr6,168051595,P12,168051594
chr6,168051596,P12,168051595
chr6,168051623,P12,168051622
chr7,6934605,P13,6934604
chr7,6934621,P13,6934620
chr7,6934626,P13,6934625
chr7,6934639,P13,6934638
chr7,6934654,P13,6934653
chr7,6934658,P13,6934657
chr7,6934671,P13,6934670
chr7,6934699,P13,6934698
chr7,6934717,P13,6934716
chr7,6934752,P13,6934751
chr7,6934760,P13,6934759
chr7,6934793,P13,6934792
chr7,6934842,P13,6934841
chr7,6934843,P13,6934842
chr7,6934844,P13,6934843
chr7,6934861,P13,6934860
chr7,6934862,P13,6934861
chr7,6934866,P13,6934865
chr7,6934875,P13,6934874
chr7,6934876,P13,6934875
chr7,6934885,P13,6934884
chr7,6934907,P13,6934906
chr7,6934917,P13,6934916
chr7,6934926,P13,6934925
chr7,6934964,P13,6934963
chr7,6934965,P13,6934964
chr7,6934977,P13,6934976
chr7,6934984,P13,6934983
chr7,6934988,P13,6934987
chr7,6935013,P13,6935012
chr7,6935023,P13,6935022
chr7,6935053,P13,6935052
chr7,6935056,P13,6935055
chr7,6935057,P13,6935056
chr7,6935079,P13,6935078
chr7,6935080,P13,6935079
chr7,6935093,P13,6935092
chr7,6935101,P13,6935100
chr7,6935127,P13,6935126
chr7,6935128,P13,6935127
chr7,6935142,P13,6935141
chr7,6935159,P13,6935158
chr7,6935163,P13,6935162
chr7,6935177,P13,6935176
chr7,6935178,P13,6935177
chr7,6935184,P13,6935183
chr7,6935194,P13,6935193
chr7,6935204,P13,6935203
chr7,6935205,P13,6935204
chr7,6935210,P13,6935209
chr7,6935216,P13,6935215
chr7,6935220,P13,6935219
chr7,6935222,P13,6935221
chr7,6935241,P13,6935240
chr7,6935249,P13,6935248
chr7,6935250,P13,6935249
chr7,6935251,P13,6935250
chr7,6935257,P13,6935256
chr7,6935261,P13,6935260
chr7,6935264,P13,6935263
chr7,6935289,P13,6935288
chr7,6935296,P13,6935295
chr7,6935303,P13,6935302
chr7,6935320,P13,6935319
chr7,6935322,P13,6935321
chr7,6935326,P13,6935325
chr7,6935344,P13,6935343
chr7,6935346,P13,6935345
chr7,6935351,P13,6935350
chr7,6935355,P13,6935354
chr7,6935364,P13,6935363
chr7,6935365,P13,6935364
chr7,6935398,P13,6935397
chr7,6935400,P13,6935399
chr7,6935401,P13,6935400
chr7,6935418,P13,6935417
chr7,6935419,P13,6935418
chr7,6935425,P13,6935424
chr7,6935466,P13,6935465
chr7,6935471,P13,6935470
chr7,6935473,P13,6935472
chr7,101288908,P125,101288907
chr7,101288917,P125,101288916
chr7,101288954,P125,101288953
chr7,101289049,P125,101289048
chr7,101289144,P125,101289143
chr7,101289163,P125,101289162
chr7,101289182,P125,101289181
chr7,101289185,P125,101289184
chr7,101289186,P125,101289185
chr7,101289187,P125,101289186
chr7,101289197,P125,101289196
chr7,101289214,P125,101289213
chr7,101289215,P125,101289214
chr7,101289216,P125,101289215
chr7,101289232,P125,101289231
chr7,101289234,P125,101289233
chr7,101289235,P125,101289234
chr7,101289242,P125,101289241
chr7,101289272,P125,101289271
chr7,101289274,P125,101289273
chr7,101289303,P125,101289302
chr7,101289313,P125,101289312
chr7,101289344,P125,101289343
chr7,101289358,P125,101289357
chr7,101289378,P125,101289377
chr7,101289384,P125,101289383
chr7,101289386,P125,101289385
chr7,101289395,P125,101289394
chr7,101289400,P125,101289399
chr7,101289406,P125,101289405
chr7,101289409,P125,101289408
chr7,101289411,P125,101289410
chr7,101289412,P125,101289411
chr7,101289427,P125,101289426
chr7,101289441,P125,101289440
chr7,101289446,P125,101289445
chr7,101289507,P125,101289506
chr7,101289566,P125,101289565
chr7,101289571,P125,101289570
chr7,101289579,P125,101289578
chr7,101289581,P125,101289580
chr7,101289585,P125,101289584
chr7,101289612,P125,101289611
chr7,101289613,P125,101289612
chr7,101289625,P125,101289624
chr7,101289664,P125,101289663
chr7,101289671,P125,101289670
chr7,101289749,P125,101289748
chr7,101289779,P125,101289778
chr7,101289790,P125,101289789
chr7,101289791,P125,101289790
chr7,149320846,P36,149320845
chr7,149320847,P36,149320846
chr7,149320869,P36,149320868
chr7,149320897,P36,149320896
chr7,149320921,P36,149320920
chr7,149320922,P36,149320921
chr7,149320949,P36,149320948
chr7,149320968,P36,149320967
chr7,149320969,P36,149320968
chr7,149321118,P36,149321117
chr7,149321140,P36,149321139
chr7,149321198,P36,149321197
chr7,149321217,P36,149321216
chr7,149321227,P36,149321226
chr7,149321250,P36,149321249
chr7,149321349,P36,149321348
chr7,149321378,P36,149321377
chr7,149321427,P36,149321426
chr7,149321447,P36,149321446
chr7,149321450,P36,149321449
chr7,149321476,P36,149321475
chr7,149321534,P36,149321533
chr7,149321619,P36,149321618
chr7,149321664,P36,149321663
chr7,149321687,P36,149321686
chr7,149321690,P36,149321689
chr8,5783114,P57,5783113
chr8,5783128,P57,5783127
chr8,5783131,P57,5783130
chr8,5783136,P57,5783135
chr8,5783140,P57,5783139
chr8,5783161,P57,5783160
chr8,5783167,P57,5783166
chr8,5783177,P57,5783176
chr8,5783183,P57,5783182
chr8,5783205,P57,5783204
chr8,5783213,P57,5783212
chr8,5783221,P57,5783220
chr8,5783246,P57,5783245
chr8,5783264,P57,5783263
chr8,5783280,P57,5783279
chr8,5783286,P57,5783285
chr8,5783296,P57,5783295
chr8,5783297,P57,5783296
chr8,5783307,P57,5783306
chr8,5783331,P57,5783330
chr8,5783333,P57,5783332
chr8,5783339,P57,5783338
chr8,5783343,P57,5783342
chr8,5783346,P57,5783345
chr8,5783365,P57,5783364
chr8,5783377,P57,5783376
chr8,5783379,P57,5783378
chr8,5783382,P57,5783381
chr8,5783386,P57,5783385
chr8,5783389,P57,5783388
chr8,5783394,P57,5783393
chr8,5783409,P57,5783408
chr8,5783433,P57,5783432
chr8,5783458,P57,5783457
chr8,5783469,P57,5783468
chr8,5783573,P57,5783572
chr8,5783618,P57,5783617
chr8,5783622,P57,5783621
chr8,5783630,P57,5783629
chr8,5783648,P57,5783647
chr8,5783658,P57,5783657
chr8,5783673,P57,5783672
chr8,5783699,P57,5783698
chr8,5783713,P57,5783712
chr8,5783722,P57,5783721
chr8,5783751,P57,5783750
chr8,5783758,P57,5783757
chr8,5783768,P57,5783767
chr8,5783780,P57,5783779
chr8,5783808,P57,5783807
chr8,5783819,P57,5783818
chr8,5783856,P57,5783855
chr8,5783889,P57,5783888
chr8,5783921,P57,5783920
chr8,5783927,P57,5783926
chr8,5783928,P57,5783927
chr8,5783930,P57,5783929
chr8,5783932,P57,5783931
chr8,5783981,P57,5783980
chr8,5783986,P57,5783985
chr8,5783999,P57,5783998
chr8,5784001,P57,5784000
chr8,5784041,P57,5784040
chr8,69630304,P110,69630303
chr8,69630317,P110,69630316
chr8,69630323,P110,69630322
chr8,69630335,P110,69630334
chr8,69630351,P110,69630350
chr8,69630413,P110,69630412
chr8,69630420,P110,69630419
chr8,69630456,P110,69630455
chr8,69630457,P110,69630456
chr8,69630484,P110,69630483
chr8,69630485,P110,69630484
chr8,69630505,P110,69630504
chr8,69630514,P110,69630513
chr8,69630535,P110,69630534
chr8,69630576,P110,69630575
chr8,69630608,P110,69630607
chr8,69630619,P110,69630618
chr8,69630632,P110,69630631
chr8,69630688,P110,69630687
chr8,69630700,P110,69630699
chr8,69630702,P110,69630701
chr8,69630718,P110,69630717
chr8,69630724,P110,69630723
chr8,69630762,P110,69630761
chr8,69630779,P110,69630778
chr8,69630789,P110,69630788
chr8,69630796,P110,69630795
chr8,69630797,P110,69630796
chr8,69630808,P110,69630807
chr8,69630852,P110,69630851
chr8,69630865,P110,69630864
chr8,69630867,P110,69630866
chr8,69630875,P110,69630874
chr8,69630881,P110,69630880
chr8,69630898,P110,69630897
chr8,69630901,P110,69630900
chr8,69630907,P110,69630906
chr8,69630918,P110,69630917
chr8,69630933,P110,69630932
chr8,69630944,P110,69630943
chr8,69630959,P110,69630958
chr8,69630970,P110,69630969
chr8,69630991,P110,69630990
chr8,69630993,P110,69630992
chr8,69631008,P110,69631007
chr8,69631050,P110,69631049
chr8,69631061,P110,69631060
chr8,69631129,P110,69631128
chr8,69631150,P110,69631149
chr8,69631151,P110,69631150
chr8,69631195,P110,69631194
chr8,69631209,P110,69631208
chr8,69631236,P110,69631235
chr8,69631243,P110,69631242
chr8,142821244,P126,142821243
chr8,142821255,P126,142821254
chr8,142821276,P126,142821275
chr8,142821316,P126,142821315
chr8,142821331,P126,142821330
chr8,142821332,P126,142821331
chr8,142821342,P126,142821341
chr8,142821343,P126,142821342
chr8,142821400,P126,142821399
chr8,142821403,P126,142821402
chr8,142821431,P126,142821430
chr8,142821485,P126,142821484
chr8,142821486,P126,142821485
chr8,142821500,P126,142821499
chr8,142821501,P126,142821500
chr8,142821518,P126,142821517
chr8,142821528,P126,142821527
chr8,142821552,P126,142821551
chr8,142821567,P126,142821566
chr8,142821579,P126,142821578
chr8,142821590,P126,142821589
chr8,142821619,P126,142821618
chr8,142821645,P126,142821644
chr8,142821660,P126,142821659
chr8,142821666,P126,142821665
chr8,142821668,P126,142821667
chr8,142821722,P126,142821721
chr8,142821726,P126,142821725
chr8,142821738,P126,142821737
chr8,142821739,P126,142821738
chr8,142821755,P126,142821754
chr8,142821756,P126,142821755
chr8,142821765,P126,142821764
chr8,142821805,P126,142821804
chr8,142821821,P126,142821820
chr8,142821831,P126,142821830
chr8,142821833,P126,142821832
chr8,142821875,P126,142821874
chr8,142821984,P126,142821983
chr8,142822041,P126,142822040
chr8,142822047,P126,142822046
chr8,142822085,P126,142822084
chr8,142822086,P126,142822085
chr8,142822134,P126,142822133
chr8,142822146,P126,142822145
chr8,142822185,P126,142822184
chr8,142822196,P126,142822195
chr8,142822197,P126,142822196
chr9,8089736,P127,8089735
chr9,8089779,P127,8089778
chr9,8089783,P127,8089782
chr9,8089786,P127,8089785
chr9,8089820,P127,8089819
chr9,8089912,P127,8089911
chr9,8089917,P127,8089916
chr9,8089984,P127,8089983
chr9,8089986,P127,8089985
chr9,8089989,P127,8089988
chr9,8090011,P127,8090010
chr9,8090017,P127,8090016
chr9,8090041,P127,8090040
chr9,8090126,P127,8090125
chr9,8090162,P127,8090161
chr9,8090169,P127,8090168
chr9,8090173,P127,8090172
chr9,8090191,P127,8090190
chr9,8090221,P127,8090220
chr9,8090230,P127,8090229
chr9,8090257,P127,8090256
chr9,8090294,P127,8090293
chr9,8090306,P127,8090305
chr9,8090314,P127,8090313
chr9,8090327,P127,8090326
chr9,8090349,P127,8090348
chr9,8090430,P127,8090429
chr9,8090446,P127,8090445
chr9,8090452,P127,8090451
chr9,8090470,P127,8090469
chr9,8090472,P127,8090471
chr9,8090474,P127,8090473
chr9,8090484,P127,8090483
chr9,8090496,P127,8090495
chr9,8090564,P127,8090563
chr9,8090578,P127,8090577
chr9,8090619,P127,8090618
chr9,8090631,P127,8090630
chr9,8090640,P127,8090639
chr9,8090649,P127,8090648
chr9,36863834,P16,36863833
chr9,36863836,P16,36863835
chr9,36863837,P16,36863836
chr9,36863839,P16,36863838
chr9,36863848,P16,36863847
chr9,36863858,P16,36863857
chr9,36863863,P16,36863862
chr9,36863865,P16,36863864
chr9,36863870,P16,36863869
chr9,36863876,P16,36863875
chr9,36863877,P16,36863876
chr9,36863881,P16,36863880
chr9,36863884,P16,36863883
chr9,36863885,P16,36863884
chr9,36863886,P16,36863885
chr9,36863892,P16,36863891
chr9,36863896,P16,36863895
chr9,36863904,P16,36863903
chr9,36863907,P16,36863906
chr9,36863914,P16,36863913
chr9,36863915,P16,36863914
chr9,36863919,P16,36863918
chr9,36863920,P16,36863919
chr9,36863921,P16,36863920
chr9,36863929,P16,36863928
chr9,36863932,P16,36863931
chr9,36863934,P16,36863933
chr9,36863936,P16,36863935
chr9,36863937,P16,36863936
chr9,36863965,P16,36863964
chr9,36863966,P16,36863965
chr9,36863970,P16,36863969
chr9,36863979,P16,36863978
chr9,36863981,P16,36863980
chr9,36863989,P16,36863988
chr9,36864014,P16,36864013
chr9,36864017,P16,36864016
chr9,36864018,P16,36864017
chr9,36864035,P16,36864034
chr9,36864036,P16,36864035
chr9,36864058,P16,36864057
chr9,36864063,P16,36864062
chr9,36864066,P16,36864065
chr9,36864069,P16,36864068
chr9,36864075,P16,36864074
chr9,36864093,P16,36864092
chr9,36864096,P16,36864095
chr9,36864135,P16,36864134
chr9,36864161,P16,36864160
chr9,36864268,P16,36864267
chr9,36864293,P16,36864292
chr9,36864301,P16,36864300
chr9,36864364,P16,36864363
chr9,36864370,P16,36864369
chr9,36864392,P16,36864391
chr9,36864513,P16,36864512
chr9,36864553,P16,36864552
chr9,36864600,P16,36864599
chr9,36864633,P16,36864632
chr9,36864660,P16,36864659
chr9,36864661,P16,36864660
chr9,36864711,P16,36864710
chr9,36864729,P16,36864728
chr9,36864744,P16,36864743
chr9,36864750,P16,36864749
chr9,36864752,P16,36864751
